model_name,file_path,strategy,declared_unique_key,matched_condition,incremental_predicates,not_matched_by_source_action,merge_exclude_columns,on_schema_change,full_refresh_config,servingdb_sync,parent_models,source_relations,documented_grain,authoritative_watermark_expr,lookback,delete_mode,validation_category,evidence_status,notes
appointment_types,models/dimensions/appointment_types.sql,merge,appointment_type_id,t.last_updated_at < s.last_updated_at,,,,append_new_columns,False,,stg_mdm__appointment_type,,appointment_type_id,last_updated_at,24h,none_or_unvalidated,pk_integrity_pass,pk_validated,"prod PK integrity OK: rows=56, null_pk=0, dup=0 | Perf wave: smart_incremental_filter(last_updated_at,24h). Prod watermark: 0 nulls, max=2026-07-14, n=56."
appointments,models/facts/appointments.sql,merge,appointment_id,t.source_updated_at < s.source_updated_at or t.attributed_payor is distinct from s.attributed_payor or t.attributed_payor_as_of_month is distinct from s.attributed_payor_as_of_month,,,,append_new_columns,False,,vw_operating_review_appointments;patients;patient_identity;providers;clinics;appointment_types;int_attribution_payor_slots_pit,,appointment_id,,,none_or_unvalidated,pk_integrity_pass,pk_validated,"prod PK integrity OK: rows=168116, null_pk=0, dup=0"
attribution_history,models/facts/attribution_history.sql,merge,identity_id;attributed_payor;as_of_month,"coalesce(t.source_updated_at, timestamp '1900-01-01') < s.source_updated_at or t.match_status is distinct from s.match_status",,,,append_new_columns,False,,vw_historical_attribution;int_attribution_provider_match;patients;patient_identity;raw_mssp_roster,,identity_id + attributed_payor + as_of_month,,,none_or_unvalidated,pk_integrity_pass,pk_validated,"prod PK integrity OK: rows=44151, null_pk=0, dup=0"
attribution_operations,models/facts/attribution_operations.sql,merge,patient_id,t.source_updated_at < s.source_updated_at or t.primary_attributed_payor is distinct from s.primary_attributed_payor or t.secondary_attributed_payor is distinct from s.secondary_attributed_payor or t.attribution_slot_source is distinct from s.attribution_slot_source,,,,append_new_columns,False,,int_attribution_global;mv_attribution_self_service;attribution_history;attribution_movement,,patient_id,,,none_or_unvalidated,pk_integrity_pass,pk_validated,"prod PK integrity OK: rows=9691, null_pk=0, dup=0"
behavioral_health,models/facts/behavioral_health.sql,merge,patient_id,"t.last_bh_visit_date < s.last_bh_visit_date OR t.is_active_bh_panel <> s.is_active_bh_panel OR COALESCE(t.bh_program_status, '') <> COALESCE(s.bh_program_status, '') OR COALESCE(t.next_bh_appointment_date, DATE '1900-01-01') <> COALESCE(s.next_bh_appointment_date, DATE '1900-01-01') OR t.has_next_bh_appointment <> s.has_next_bh_appointment OR COALESCE(t.latest_phq_score, -1) <> COALESCE(s.latest_phq_score, -1) OR COALESCE(t.latest_gad_score, -1) <> COALESCE(s.latest_gad_score, -1) OR COALESCE(t.baseline_phq_score, -1) <> COALESCE(s.baseline_phq_score, -1) OR COALESCE(t.baseline_gad_score, -1) <> COALESCE(s.baseline_gad_score, -1) OR COALESCE(t.latest_phq_date, DATE '1900-01-01') <> COALESCE(s.latest_phq_date, DATE '1900-01-01') OR COALESCE(t.latest_gad_date, DATE '1900-01-01') <> COALESCE(s.latest_gad_date, DATE '1900-01-01') OR COALESCE(t.intake_date, DATE '1900-01-01') <> COALESCE(s.intake_date, DATE '1900-01-01') OR COALESCE(t.has_bh_care_plan, -1) <> COALESCE(s.has_bh_care_plan, -1) OR COALESCE(t.has_active_cm_care_plan, -1) <> COALESCE(s.has_active_cm_care_plan, -1) OR COALESCE(t.has_active_cm_with_events, -1) <> COALESCE(s.has_active_cm_with_events, -1)",,,,append_new_columns,False,,v_bhpatientpanel;patients;patient_identity,,patient_id,,,none_or_unvalidated,pk_integrity_pass,pk_validated,"prod PK integrity OK: rows=520, null_pk=0, dup=0"
call_center_interactions,models/facts/call_center_interactions.sql,merge,contact_id,t.contact_start_at < s.contact_start_at,,,,append_new_columns,False,,stg_nice__contacts;stg_nice__agents;stg_nice__skills;team;campaign,,contact_id,,,none_or_unvalidated,pk_integrity_pass,pk_validated,"prod PK integrity OK: rows=379282, null_pk=0, dup=0 | Perf deferred: contact_start_at is event time not update watermark; matched_condition cannot detect attribute updates; need immutability proof before pruning."
call_center_sentiment,models/facts/call_center_sentiment.sql,merge,segment_id,t.segment_start_at < s.segment_start_at,,,,append_new_columns,False,,stg_nice__sentiment;stg_nice__contacts;stg_nice__agents;stg_nice__skills,,segment_id,,,none_or_unvalidated,pk_integrity_pass,pk_validated,"prod PK integrity OK: rows=6584, null_pk=0, dup=0"
clinics,models/dimensions/clinics.sql,merge,department_id,t.last_updated_at < s.last_updated_at,,,,append_new_columns,False,,department,,department_id,last_updated_at,24h,none_or_unvalidated,pk_integrity_pass,pk_validated,"prod PK integrity OK: rows=13, null_pk=0, dup=0 | Perf wave: smart_incremental_filter(last_updated_at,24h). Prod watermark: 0 nulls, max=2026-02-12, n=13. Source coalesce(lastupdated,lastmodifieddatetime,createddatetime)."
fact_provider_nps,models/healthcare/nps/fact_provider_nps.sql,merge,id,"coalesce(t.source_updated_at, timestamp '1900-01-01') < s.source_updated_at",,,,sync_all_columns,False,,vw_provider_nps_salesforce;patients;appointments,,id,,,none_or_unvalidated,pk_integrity_pass,pk_validated,"prod PK integrity OK: rows=8764, null_pk=0, dup=0"
fct_cdia__provider_audit,models/healthcare/cdia/gold/fct_cdia__provider_audit.sql,merge,audit_id,t.extracted_at < s.extracted_at,,,,sync_all_columns,False,,int_cdia__encounters_enriched,,audit_id,,,none_or_unvalidated,pk_integrity_pass,pk_validated,"prod PK integrity OK: rows=790, null_pk=0, dup=0"
fct_payor__claims,models/healthcare/payor/gold/fct_payor__claims.sql,merge,claim_line_release_key,,,,,append_new_columns,False,,int_payor__payor_alpha_claims_normalized,,claim_line_release_key,,,none_or_unvalidated,pk_integrity_pass,pk_validated,"prod PK integrity OK: rows=1703163, null_pk=0, dup=0"
fct_provider_bonus,models/provider_bonus/facts/fct_provider_bonus.sql,merge,provider_id,"COALESCE(t.composite_payout_pct, -1) <> COALESCE(s.composite_payout_pct, -1) OR COALESCE(t.ytd_payout, -1) <> COALESCE(s.ytd_payout, -1) OR COALESCE(t.annual_bonus_amount, -1) <> COALESCE(s.annual_bonus_amount, -1) OR COALESCE(t.productivity_multiplier, -1) <> COALESCE(s.productivity_multiplier, -1) OR COALESCE(t.vu_utilization_pct, -1) <> COALESCE(s.vu_utilization_pct, -1) OR COALESCE(t.q1_payout, -1) <> COALESCE(s.q1_payout, -1) OR COALESCE(t.q2_payout, -1) <> COALESCE(s.q2_payout, -1) OR COALESCE(t.q3_payout, -1) <> COALESCE(s.q3_payout, -1) OR COALESCE(t.q4_payout, -1) <> COALESCE(s.q4_payout, -1) OR COALESCE(t.quality_composite_score, -1) <> COALESCE(s.quality_composite_score, -1) OR COALESCE(t.quality_payout_pct, -1) <> COALESCE(s.quality_payout_pct, -1) OR COALESCE(t.quality_tier, '') <> COALESCE(s.quality_tier, '') OR COALESCE(t.nps_score, -1) <> COALESCE(s.nps_score, -1) OR COALESCE(t.nps_responses, -1) <> COALESCE(s.nps_responses, -1) OR COALESCE(t.nps_payout_pct, -1) <> COALESCE(s.nps_payout_pct, -1) OR COALESCE(t.nps_tier, '') <> COALESCE(s.nps_tier, '') OR COALESCE(t.awv_rate, -1) <> COALESCE(s.awv_rate, -1) OR COALESCE(t.awv_numerator, -1) <> COALESCE(s.awv_numerator, -1) OR COALESCE(t.awv_denominator, -1) <> COALESCE(s.awv_denominator, -1) OR COALESCE(t.awv_payout_pct, -1) <> COALESCE(s.awv_payout_pct, -1) OR COALESCE(t.awv_tier, '') <> COALESCE(s.awv_tier, '') OR COALESCE(t.next_visit_rate, -1) <> COALESCE(s.next_visit_rate, -1) OR COALESCE(t.next_visit_numerator, -1) <> COALESCE(s.next_visit_numerator, -1) OR COALESCE(t.next_visit_denominator, -1) <> COALESCE(s.next_visit_denominator, -1) OR COALESCE(t.next_visit_payout_pct, -1) <> COALESCE(s.next_visit_payout_pct, -1) OR COALESCE(t.next_visit_tier, '') <> COALESCE(s.next_visit_tier, '') OR COALESCE(t.hcc_rate, -1) <> COALESCE(s.hcc_rate, -1) OR COALESCE(t.hcc_denominator, -1) <> COALESCE(s.hcc_denominator, -1) OR COALESCE(t.hcc_payout_pct, -1) <> COALESCE(s.hcc_payout_pct, -1) OR COALESCE(t.hcc_tier, '') <> COALESCE(s.hcc_tier, '') OR COALESCE(t.is_bonus_eligible, false) <> COALESCE(s.is_bonus_eligible, false) OR COALESCE(t.is_display_eligible, false) <> COALESCE(s.is_display_eligible, false) OR COALESCE(t.is_eligible_q1, false) <> COALESCE(s.is_eligible_q1, false) OR COALESCE(t.is_eligible_q2, false) <> COALESCE(s.is_eligible_q2, false) OR COALESCE(t.is_eligible_q3, false) <> COALESCE(s.is_eligible_q3, false) OR COALESCE(t.is_eligible_q4, false) <> COALESCE(s.is_eligible_q4, false) OR COALESCE(t.proration_q1, -1) <> COALESCE(s.proration_q1, -1) OR COALESCE(t.proration_q2, -1) <> COALESCE(s.proration_q2, -1) OR COALESCE(t.proration_q3, -1) <> COALESCE(s.proration_q3, -1) OR COALESCE(t.proration_q4, -1) <> COALESCE(s.proration_q4, -1) OR COALESCE(t.annual_bonus_potential, -1) <> COALESCE(s.annual_bonus_potential, -1) OR COALESCE(t.fte_pct, -1) <> COALESCE(s.fte_pct, -1) OR COALESCE(t.employment_type, '') <> COALESCE(s.employment_type, '') OR COALESCE(t.assigned_clinic, '') <> COALESCE(s.assigned_clinic, '') OR COALESCE(t.clinic_standardized, '') <> COALESCE(s.clinic_standardized, '') OR COALESCE(t.is_float_provider, false) <> COALESCE(s.is_float_provider, false) OR COALESCE(t.provider_type, '') <> COALESCE(s.provider_type, '') OR COALESCE(t.type_category, '') <> COALESCE(s.type_category, '') OR COALESCE(t.is_site_leader, false) <> COALESCE(s.is_site_leader, false) OR COALESCE(t.termination_date, DATE'1900-01-01') <> COALESCE(s.termination_date, DATE'1900-01-01') -- Freshness hardening: these columns can change independently of every -- payout/metric column above, so without them the MERGE would skip the -- row and leave them stale. is_inactive_60d is time-relative (a provider -- crossing the 60-day grace window — used to filter the roster) and the -- quality split scores/payouts are export columns (EXT-1 / DEV-4105/4104); -- the rest are roster identity fields that can be corrected upstream. OR COALESCE(t.is_inactive_60d, false) <> COALESCE(s.is_inactive_60d, false) OR COALESCE(t.last_termination_date, DATE'1900-01-01') <> COALESCE(s.last_termination_date, DATE'1900-01-01') OR COALESCE(t.quality_individual_score, -1) <> COALESCE(s.quality_individual_score, -1) OR COALESCE(t.quality_practice_score, -1) <> COALESCE(s.quality_practice_score, -1) OR COALESCE(t.quality_individual_payout_pct, -1) <> COALESCE(s.quality_individual_payout_pct, -1) OR COALESCE(t.quality_practice_payout_pct, -1) <> COALESCE(s.quality_practice_payout_pct, -1) OR COALESCE(t.provider_name, '') <> COALESCE(s.provider_name, '') OR COALESCE(t.npi, '') <> COALESCE(s.npi, '') OR COALESCE(t.hire_date, DATE'1900-01-01') <> COALESCE(s.hire_date, DATE'1900-01-01') OR COALESCE(t.fte_hours, -1) <> COALESCE(s.fte_hours, -1) OR COALESCE(t.is_contractor, false) <> COALESCE(s.is_contractor, false) OR COALESCE(t.is_locum_tenens, false) <> COALESCE(s.is_locum_tenens, false)",,,,append_new_columns,False,,stg_bonus__provider_roster;int_bonus__quality_composite;int_bonus__nps_score;int_bonus__awv_rate;int_bonus__next_visit_rate;int_bonus__hcc_assessment_rate;int_bonus__productivity_multiplier;stg_bonus__quality_measures;stg_bonus__appointments;stg_bonus__nps_surveys;stg_bonus__hcc_assessments,,provider_id,,,none_or_unvalidated,pk_integrity_pass,pk_validated,"prod PK integrity OK: rows=28, null_pk=0, dup=0"
fct_provider_bonus_detail,models/provider_bonus/facts/fct_provider_bonus_detail.sql,merge,metric_type;record_id,"t.met_criteria is distinct from s.met_criteria OR COALESCE(t.criteria_detail, '') <> COALESCE(s.criteria_detail, '') OR COALESCE(t.event_description, '') <> COALESCE(s.event_description, '') OR COALESCE(t.metric_current_value, -1) <> COALESCE(s.metric_current_value, -1) OR COALESCE(t.metric_payout_pct, -1) <> COALESCE(s.metric_payout_pct, -1) OR COALESCE(t.provider_composite_pct, -1) <> COALESCE(s.provider_composite_pct, -1) OR COALESCE(t.clinic_name, '') <> COALESCE(s.clinic_name, '') OR COALESCE(t.last_visit_date, DATE '1900-01-01') <> COALESCE(s.last_visit_date, DATE '1900-01-01') OR COALESCE(t.next_visit_date, DATE '1900-01-01') <> COALESCE(s.next_visit_date, DATE '1900-01-01') OR COALESCE(t.last_appointment_type, '') <> COALESCE(s.last_appointment_type, '') OR COALESCE(t.next_appointment_type, '') <> COALESCE(s.next_appointment_type, '')",,,,append_new_columns,False,,stg_bonus__provider_roster;appointments;fct_provider_bonus;audit_bonus__encounter_detail;audit_bonus__nps_survey_detail;audit_bonus__quality_patient_detail;int_bonus__hcc_hierarchy_applied;stg_bonus__quality_measures;stg_bonus__appointments;stg_bonus__nps_surveys;stg_bonus__hcc_assessments,,metric_type + record_id,,,none_or_unvalidated,pk_integrity_pass,pk_validated,"prod PK integrity OK: rows=85175, null_pk=0, dup=0"
fct_provider_bonus_quarterly_payout,models/provider_bonus/facts/fct_provider_bonus_quarterly_payout.sql,merge,provider_id;snapshot_quarter,"COALESCE(t.composite_payout_pct, -1) <> COALESCE(s.composite_payout_pct, -1) OR COALESCE(t.awv_rate, -1) <> COALESCE(s.awv_rate, -1) OR COALESCE(t.base_quarterly_payout, -1) <> COALESCE(s.base_quarterly_payout, -1) OR COALESCE(t.quality_payout_pct, -1) <> COALESCE(s.quality_payout_pct, -1) OR COALESCE(t.nps_payout_pct, -1) <> COALESCE(s.nps_payout_pct, -1) OR COALESCE(t.hcc_payout_pct, -1) <> COALESCE(s.hcc_payout_pct, -1)",,,,append_new_columns,False,,fct_provider_bonus_snapshot;stg_bonus__provider_roster,,provider_id + snapshot_quarter,,,none_or_unvalidated,pk_integrity_pass,pk_validated,"prod PK integrity OK: rows=22, null_pk=0, dup=0"
fct_provider_bonus_snapshot,models/provider_bonus/facts/fct_provider_bonus_snapshot.sql,merge,provider_id;snapshot_date,"COALESCE(t.awv_rate, -1) <> COALESCE(s.awv_rate, -1) OR COALESCE(t.next_visit_rate, -1) <> COALESCE(s.next_visit_rate, -1) OR COALESCE(t.nps_score, -1) <> COALESCE(s.nps_score, -1) OR COALESCE(t.hcc_rate, -1) <> COALESCE(s.hcc_rate, -1) OR COALESCE(t.quality_composite_score, -1) <> COALESCE(s.quality_composite_score, -1) OR COALESCE(t.composite_payout_pct, -1) <> COALESCE(s.composite_payout_pct, -1)",,,is_quarter_final,,False,,stg_bonus__provider_roster;int_bonus__productivity_multiplier;ref_bonus_payout_tiers;fct_provider_metric_history;fct_provider_bonus,,provider_id + snapshot_date,,,none_or_unvalidated,pk_integrity_pass,pk_validated,"prod PK integrity OK: rows=2912, null_pk=0, dup=0"
fct_provider_metric_history,models/provider_bonus/facts/fct_provider_metric_history.sql,merge,provider_id;metric_type;metric_subtype;period_type;period_start,"COALESCE(t.met_rate, -1) <> COALESCE(s.met_rate, -1) OR COALESCE(t.met_count, -1) <> COALESCE(s.met_count, -1) OR COALESCE(t.total_records, -1) <> COALESCE(s.total_records, -1)",,,,append_new_columns,False,,fct_provider_bonus_detail;stg_bonus__quality_measures;ref_quality_star_thresholds;stg_bonus__provider_roster;int_bonus__vu_daily,,provider_id + metric_type + metric_subtype + period_type + period_start,,,none_or_unvalidated,pk_integrity_pass,pk_validated,"prod PK integrity OK: rows=7133, null_pk=0, dup=0"
fct_quality_measure_snapshot,models/provider_bonus/facts/fct_quality_measure_snapshot.sql,merge,provider_id;patient_id;measure_code;snapshot_date,"t.in_numerator <> s.in_numerator OR t.in_denominator <> s.in_denominator OR COALESCE(t.measure_status, '') <> COALESCE(s.measure_status, '') OR COALESCE(t.exclusion_reason, '') <> COALESCE(s.exclusion_reason, '')",,,,,False,,stg_bonus__quality_measures,,provider_id + patient_id + measure_code + snapshot_date,,,none_or_unvalidated,pk_integrity_pass,pk_validated,"prod PK integrity OK: rows=2111724, null_pk=0, dup=0"
fct_raf__blended_patient_summary,models/healthcare/raf/score/facts/fct_raf__blended_patient_summary.sql,merge,patient_id;payment_year,,,,,append_new_columns,False,,fct_raf__score_components;fct_raf__v24_score_components;ref_raf__model_blend_weights,,patient_id + payment_year,,,none_or_unvalidated,pk_integrity_pass,pk_validated,"prod PK integrity OK: rows=10958, null_pk=0, dup=0"
fct_raf__claims_reconciliation,models/healthcare/raf/revenue/facts/fct_raf__claims_reconciliation.sql,merge,reconciliation_key,,,,,append_new_columns,False,,int_raf__hierarchy_applied;stg_athena__claim;stg_athena__claim_diagnosis;int_raf__mao004_eligibility,,reconciliation_key (coalesced patient_id+coded_year+hcc_code+diagnosis_code+date_of_service+source_system),,,none_or_unvalidated,correctness_fix_pending_deploy,defect_found,Remediated in correctness wave: merge UK switched to reconciliation_key surrogate over coalesced business keys. Prior: 8499 null UK rows (date_of_service/diagnosis_code). Re-validate after deploy.
fct_raf__monthly_score_snapshots,models/healthcare/raf/score/facts/fct_raf__monthly_score_snapshots.sql,merge,entity_id;account_period;score_lens;run_date,,,,,append_new_columns,False,,ref_raf__monthly_run_windows;ref_raf__data_collection_periods;dim_raf__attribution;int_raf__demographic_factors;int_raf__deduplicated;cms_hcc_v28__icd10_mappings;int_payor__payor_alpha_id_crosswalk;int_raf__payor_alpha_mao_diagnoses;int_payor__uhc_id_crosswalk;int_raf__uhc_mao_diagnoses;cms_hcc_v28__all_coefficients;cms_hcc_v28__hierarchy_exclusions;cms_hcc_v28__diagnostic_categories;cms_hcc_v28__interaction_definitions;cms_hcc_v28__interaction_factors;int_raf__eligibility_segment;ref_raf__normalization_factors;empi_medicare_matches,,entity_id + account_period + score_lens + run_date,,,none_or_unvalidated,pk_integrity_pass,pk_validated,"prod PK integrity OK: rows=208812, null_pk=0, dup=0"
fct_raf__monthly_snapshots,models/healthcare/raf/score/facts/fct_raf__monthly_snapshots.sql,merge,patient_id;payment_year;year_month,t.raw_raf_score is distinct from s.raw_raf_score or t.payment_raf_score is distinct from s.payment_raf_score or t.disease_factor is distinct from s.disease_factor or t.interaction_factor is distinct from s.interaction_factor or t.count_factor is distinct from s.count_factor or t.demographic_factor is distinct from s.demographic_factor or t.distinct_hcc_count is distinct from s.distinct_hcc_count or t.is_active is distinct from s.is_active or t.eligibility_segment is distinct from s.eligibility_segment or t.is_year_locked is distinct from s.is_year_locked or t.lock_type is distinct from s.lock_type,,,,append_new_columns,False,,int_raf__scored_hccs;dim_raf__attribution;ref_raf__data_collection_periods;int_raf__demographic_factors,,patient_id + payment_year + year_month,,,none_or_unvalidated,pk_integrity_pass,registry_backfill,Added to satisfy test_incremental_contract_coverage after model became incremental (alert remediation 2026-07-21).
fct_raf__score_components,models/healthcare/raf/score/facts/fct_raf__score_components.sql,merge,entity_id;coded_year,"coalesce(t.eligibility_segment, '') <> coalesce(s.eligibility_segment, '') OR coalesce(t.distinct_hcc_count, -1) <> coalesce(s.distinct_hcc_count, -1) OR coalesce(t.demographic_factor, cast(0 as decimal(18,4))) <> coalesce(s.demographic_factor, cast(0 as decimal(18,4))) OR coalesce(t.disease_factor, cast(0 as decimal(18,4))) <> coalesce(s.disease_factor, cast(0 as decimal(18,4))) OR coalesce(t.interaction_factor, cast(0 as decimal(18,4))) <> coalesce(s.interaction_factor, cast(0 as decimal(18,4))) OR coalesce(t.count_factor, cast(0 as decimal(18,4))) <> coalesce(s.count_factor, cast(0 as decimal(18,4))) OR coalesce(t.raw_raf_score, cast(0 as decimal(18,4))) <> coalesce(s.raw_raf_score, cast(0 as decimal(18,4))) OR coalesce(t.age, -1) <> coalesce(s.age, -1) OR coalesce(t.sex_code, '') <> coalesce(s.sex_code, '') OR coalesce(t.age_band, '') <> coalesce(s.age_band, '') OR coalesce(t.hcc_details, '') <> coalesce(s.hcc_details, '') OR coalesce(t.model_version, '') <> coalesce(s.model_version, '')",,,,append_new_columns,False,,ref_raf__data_collection_periods;int_raf__scored_hccs;int_raf__demographic_factors;int_raf__interaction_factors;int_raf__count_factors,,entity_id + coded_year,,,none_or_unvalidated,pk_integrity_pass,pk_validated,"prod PK integrity OK: rows=11130, null_pk=0, dup=0"
gold_appointment_supplement,models/healthcare/raf/capture/gold/gold_appointment_supplement.sql,merge,patient_id;appointment_id,"coalesce(t.appointment_status, '') <> coalesce(s.appointment_status, '') OR coalesce(t.visit_status, '') <> coalesce(s.visit_status, '') OR coalesce(t.appointment_type_name, '') <> coalesce(s.appointment_type_name, '') OR coalesce(t.has_hcc_diagnosis, false) <> coalesce(s.has_hcc_diagnosis, false) OR coalesce(t.provider_id, -1) <> coalesce(s.provider_id, -1) OR coalesce(t.department_id, -1) <> coalesce(s.department_id, -1)",,,,append_new_columns,False,,int_patient_code_by_encounter,,patient_id + appointment_id,,,none_or_unvalidated,skipped_empty_upstream,blocked_upstream_empty,"Empty in prod (0 rows). Upstream int_patient_code_by_encounter (raf_intermediate view) is also 0 rows. PK config [patient_id, appointment_id] not testable until upstream populated. Not an incremental config defect."
gold_current_assessment,models/healthcare/raf/capture/gold/gold_current_assessment.sql,merge,patient_id;hcc_code;coded_year,"coalesce(t.assessment_status, '') <> coalesce(s.assessment_status, '') OR coalesce(t.original_status, '') <> coalesce(s.original_status, '') OR coalesce(t.status_priority, -1) <> coalesce(s.status_priority, -1) OR coalesce(t.dismissal_date, date '1900-01-01') <> coalesce(s.dismissal_date, date '1900-01-01') OR coalesce(t.dismissal_reason, '') <> coalesce(s.dismissal_reason, '')",,,,append_new_columns,False,,int_hccassessment,,patient_id + hcc_code + coded_year,,,none_or_unvalidated,pk_integrity_pass,pk_validated,"prod PK integrity OK: rows=55631, null_pk=0, dup=0"
gold_demographic_raf,models/healthcare/raf/score/gold/gold_demographic_raf.sql,merge,patient_id;payment_year,t.source_updated_at < s.source_updated_at,,,,append_new_columns,False,,int_raf__demographic_factors;int_patient_supplement;int_raf__eligibility_segment;patients;dim_raf__attribution,,patient_id + payment_year,,,none_or_unvalidated,pk_integrity_pass,pk_validated,"prod PK integrity OK: rows=22232, null_pk=0, dup=0"
gold_final_assessment,models/healthcare/raf/capture/gold/gold_final_assessment.sql,merge,patient_id;hcc_code;coded_year,"coalesce(t.final_status, '') <> coalesce(s.final_status, '') OR coalesce(t.original_status, '') <> coalesce(s.original_status, '') OR coalesce(t.dismissal_date, date '1900-01-01') <> coalesce(s.dismissal_date, date '1900-01-01') OR coalesce(t.dismissal_reason, '') <> coalesce(s.dismissal_reason, '') OR coalesce(t.first_visit_date, date '1900-01-01') <> coalesce(s.first_visit_date, date '1900-01-01') OR coalesce(t.provider_id, -1) <> coalesce(s.provider_id, -1) OR coalesce(t.department_id, -1) <> coalesce(s.department_id, -1)",,,,append_new_columns,False,,gold_current_assessment;int_patient_supplement;int_patient_code_by_encounter;stg_elation__visit_note;stg_athena__clinicalencounter,,patient_id + hcc_code + coded_year,,,none_or_unvalidated,pk_integrity_pass,pk_validated,"prod PK integrity OK: rows=55631, null_pk=0, dup=0"
gold_navina_raf,models/healthcare/raf/capture/gold/gold_navina_raf.sql,merge,patient_id;icd10_code,"coalesce(t.suggestion_status, '') <> coalesce(s.suggestion_status, '') OR coalesce(t.confidence_score, cast(0 as double)) <> coalesce(s.confidence_score, cast(0 as double)) OR coalesce(t.is_actionable, false) <> coalesce(s.is_actionable, false) OR coalesce(t.is_accepted, false) <> coalesce(s.is_accepted, false) OR coalesce(t.data_source, '') <> coalesce(s.data_source, '') OR coalesce(t.eligibility_segment, '') <> coalesce(s.eligibility_segment, '') OR coalesce(t.demographic_factor, cast(0 as double)) <> coalesce(s.demographic_factor, cast(0 as double)) OR coalesce(t.hcc_coefficient, cast(0 as double)) <> coalesce(s.hcc_coefficient, cast(0 as double)) OR coalesce(t.navina_raf_score, cast(0 as double)) <> coalesce(s.navina_raf_score, cast(0 as double))",,,,append_new_columns,False,,stg_navina__suggestions;stg_navina__provider_code_level_live;int_raf__demographic_factors;int_raf__eligibility_segment;cms_hcc_v28__all_coefficients,,patient_id + icd10_code,,,none_or_unvalidated,pk_integrity_pass,pk_validated,"prod PK integrity OK: rows=38770, null_pk=0, dup=0"
gold_pending_claims_raf,models/healthcare/raf/capture/gold/gold_pending_claims_raf.sql,merge,claim_id;diagnosis_code;hcc_code,,,,,,False,,int_claim_info;stg_athena__claim_diagnosis;stg_athena__hccicdcodeall;int_raf__demographic_factors;int_raf__eligibility_segment;cms_hcc_v28__all_coefficients,,claim_id + diagnosis_code + hcc_code,,,none_or_unvalidated,pk_integrity_pass,pk_validated,"prod PK integrity OK: rows=302, null_pk=0, dup=0"
gold_suggestion_raf,models/healthcare/raf/capture/gold/gold_suggestion_raf.sql,merge,patient_id;hcc_code;coded_year,"coalesce(t.status, '') <> coalesce(s.status, '') OR coalesce(t.eligibility_segment, '') <> coalesce(s.eligibility_segment, '') OR coalesce(t.demographic_factor, cast(0 as double)) <> coalesce(s.demographic_factor, cast(0 as double)) OR coalesce(t.hcc_coefficient, cast(0 as double)) <> coalesce(s.hcc_coefficient, cast(0 as double)) OR coalesce(t.suggestion_raf_score, cast(0 as double)) <> coalesce(s.suggestion_raf_score, cast(0 as double)) OR coalesce(t.provider_id, -1) <> coalesce(s.provider_id, -1)",,,,append_new_columns,False,,gold_final_assessment;int_raf__demographic_factors;int_raf__eligibility_segment;cms_hcc_v28__all_coefficients,,patient_id + hcc_code + coded_year,,,none_or_unvalidated,pk_integrity_pass,pk_validated,"prod PK integrity OK: rows=55631, null_pk=0, dup=0"
gold_suggestion_with_appt,models/healthcare/raf/capture/gold/gold_suggestion_with_appt.sql,merge,suggestion_id,"coalesce(t.status, '') <> coalesce(s.status, '') OR coalesce(t.eligibility_segment, '') <> coalesce(s.eligibility_segment, '') OR coalesce(t.demographic_factor, cast(0 as double)) <> coalesce(s.demographic_factor, cast(0 as double)) OR coalesce(t.hcc_coefficient, cast(0 as double)) <> coalesce(s.hcc_coefficient, cast(0 as double)) OR coalesce(t.suggestion_raf_score, cast(0 as double)) <> coalesce(s.suggestion_raf_score, cast(0 as double)) OR coalesce(t.appointment_id, -1) <> coalesce(s.appointment_id, -1) OR coalesce(t.appointment_status, '') <> coalesce(s.appointment_status, '') OR coalesce(t.has_appointment_match, false) <> coalesce(s.has_appointment_match, false) OR coalesce(t.has_hcc_diagnosis, false) <> coalesce(s.has_hcc_diagnosis, false)",,,,append_new_columns,False,,gold_suggestion_raf;gold_appointment_supplement,,suggestion_id,,,none_or_unvalidated,pk_integrity_pass,pk_validated,"prod PK integrity OK: rows=55313, null_pk=0, dup=0"
heartwise,models/facts/heartwise.sql,merge,patient_id,t.source_updated_at < s.source_updated_at,,,,append_new_columns,False,,patient_identity;vw_heartwise_candidates,,patient_id,,,none_or_unvalidated,pk_integrity_pass,pk_validated,"prod PK integrity OK: rows=392, null_pk=0, dup=0"
hist_patient_status_monthly,models/historical/hist_patient_status_monthly.sql,merge,patient_id;status_month,t.computed_status <> s.computed_status OR t.status_reason <> s.status_reason,,,,append_new_columns,False,,stg_mdm__patient;patient;appointment;patientaudit,,patient_id + status_month,,,none_or_unvalidated,pk_integrity_pass,pk_validated,"prod PK integrity OK: rows=377980, null_pk=0, dup=0"
insurance_plans,models/dimensions/insurance_plans.sql,merge,insurance_package_id,t.last_updated_at < s.last_updated_at,,,,append_new_columns,False,,stg_mdm__insurance,,insurance_package_id,,,none_or_unvalidated,pk_integrity_pass,pk_validated,"prod PK integrity OK: rows=411, null_pk=0, dup=0"
int_attribution_global,models/intermediate/int_attribution_global.sql,merge,patient_id,,,,,append_new_columns,False,,patients;int_primary_insurance;int_attribution_payor_slots;stg_salesforce__account;stg_salesforce__attribution,,patient_id,,,none_or_unvalidated,pk_integrity_pass,pk_validated,"prod PK integrity OK: rows=9691, null_pk=0, dup=0"
int_empi_golden_records_clean,models/intermediate/int_empi_golden_records_clean.sql,merge,source_system;source_id,,,,,,False,,empi_golden_records_raw,,source_system + source_id,,,none_or_unvalidated,pk_integrity_pass,pk_validated,"prod PK integrity OK: rows=57340, null_pk=0, dup=0"
int_navina__hcc_assessment_grouped,models/healthcare/raf/capture/intermediate/int_navina__hcc_assessment_grouped.sql,merge,patient_hcc_key,,,,,append_new_columns,False,,vw_hcc_assessment,,patient_hcc_key,,,none_or_unvalidated,pk_integrity_pass,pk_validated,"prod PK integrity OK: rows=15194, null_pk=0, dup=0"
int_navina__hcc_assessment_icd_rolled,models/healthcare/raf/capture/intermediate/int_navina__hcc_assessment_icd_rolled.sql,merge,patient_icd_key,,,,,append_new_columns,False,,vw_hcc_assessment,,patient_icd_key,,,none_or_unvalidated,pk_integrity_pass,pk_validated,"prod PK integrity OK: rows=22368, null_pk=0, dup=0"
int_patient_dx_universe,models/healthcare/scheduling/int_patient_dx_universe.sql,merge,patient_id;dx,,,,,append_new_columns,False,,int_patient_chart_crosswalk,athenahealth.athenaone.claimdiagnosis;athenahealth.athenaone.claim;athenahealth.athenaone.patientproblem,patient_id + dx,,3d patient delete+rebuild via pre_hook,pre_hook_patient_scoped_delete,pk_integrity_pass,registry_backfill,Added to satisfy test_incremental_contract_coverage; strategy is merge (delete+insert invalid on Databricks). Alert remediation 2026-07-21.
int_patient_status_pit_monthly,models/intermediate/int_patient_status_pit_monthly.sql,merge,patient_id;status_month,t.computed_status <> s.computed_status OR t.status_reason <> s.status_reason,,,,sync_all_columns,False,,hist_patient_status_monthly;appointment;patientaudit;patient,,patient_id + status_month,,,none_or_unvalidated,pk_integrity_pass,pk_validated,"prod PK integrity OK: rows=319996, null_pk=0, dup=0"
int_quality__code_pool,models/healthcare/quality/intermediate/int_quality__code_pool.sql,merge,evidence_key,not (t.source_hits <=> s.source_hits) or not (t.order_status <=> s.order_status) or not (t.evidence_provenance <=> s.evidence_provenance) or not (t.code_raw <=> s.code_raw) or not (t.code_modifier <=> s.code_modifier) or not (t.source_tables <=> s.source_tables) or not (t.measurement_year <=> s.measurement_year) or not (t.code_origin <=> s.code_origin) or not (t.source_methods <=> s.source_methods) or not (t.create_date <=> s.create_date),,,,append_new_columns,False,,int_quality__encounter_code_evidence;int_quality__service_code_evidence;int_quality__lab_code_evidence;int_quality__surgical_code_evidence;int_quality__surgery_code_evidence;int_quality__claim_code_evidence;int_quality__charge_code_evidence;int_quality__questionnaire_evidence;int_quality__document_evidence;int_quality__problem_code_evidence,,evidence_key,,,none_or_unvalidated,pk_integrity_pass,pk_validated,"prod PK integrity OK: rows=4265156, null_pk=0, dup=0"
int_quality__hedis_evidence,models/healthcare/quality/intermediate/int_quality__hedis_evidence.sql,merge,evidence_key,t.last_updated <> s.last_updated,,,,append_new_columns,False,,stg_athena__qmresult;stg_athena__qm_chart;stg_athena__p4presult;stg_athena__p4pmeasure;stg_athena__p4presultdata,,evidence_key,,,none_or_unvalidated,pk_integrity_pass,pk_validated,"prod PK integrity OK: rows=399241, null_pk=0, dup=0"
log_raf__factor_audit,models/healthcare/raf/score/cdc/log_raf__factor_audit.sql,append,audit_id,,,,,append_new_columns,False,,int_raf__hierarchy_applied;int_raf__interaction_factors;int_raf__eligibility_segment,,audit_id,,,none_append_only,correctness_fix_pending_deploy,defect_found,Remediated in correctness wave: upstream CTEs deduped before audit_id generation. Historical 318223 duplicate audit_ids remain (full_refresh=false). Prevents new within-run collisions.
log_raf__pipeline_events,models/healthcare/raf/score/cdc/log_raf__pipeline_events.sql,append,event_id,,,,,append_new_columns,False,,,,event_id,,,none_append_only,pk_integrity_pass,pk_validated,"prod PK integrity OK: rows=1425, null_pk=0, dup=0"
log_raf__score_events,models/healthcare/raf/score/cdc/log_raf__score_events.sql,append,event_id,,,,,append_new_columns,False,,int_raf__scored_hccs;_log_raf__prior_snapshot,,event_id,,,none_append_only,correctness_fix_pending_deploy,defect_found,Remediated in correctness wave: current_hccs and prior_snapshot deduped to event grain before event_id generation. Historical 16172 duplicate event_ids remain (full_refresh=false).
mart_appointments,models/marts_bi_v3/mart_appointments.sql,merge,mart_appointments_id,,,,,append_new_columns,False,,appointments;patients;vw_membership_patients,,mart_appointments_id,,,none_or_unvalidated,pk_integrity_pass,pk_validated,"prod PK integrity OK: rows=383010, null_pk=0, dup=0"
mart_attribution_detail,models/marts_bi_v3/mart_attribution_detail.sql,merge,mart_attribution_detail_id,,,,,append_new_columns,False,,vw_attribution_unified;patient_identity;patients,,mart_attribution_detail_id,,,none_or_unvalidated,pk_integrity_pass,pk_validated,"prod PK integrity OK: rows=31213, null_pk=0, dup=0"
mart_attribution_operations,models/marts_bi_v3/mart_attribution_operations.sql,merge,mart_attribution_operations_id,,,,,append_new_columns,False,,attribution_operations,,mart_attribution_operations_id,,,none_or_unvalidated,pk_integrity_pass,pk_validated,"prod PK integrity OK: rows=10054, null_pk=0, dup=0"
mart_attribution_timeline,models/marts_bi_v3/mart_attribution_timeline.sql,merge,mart_attribution_timeline_id,,,,,append_new_columns,False,,attribution_timeline,,mart_attribution_timeline_id,,,none_or_unvalidated,pk_integrity_pass,pk_validated,"prod PK integrity OK: rows=59773, null_pk=0, dup=0"
mart_awv_mini_cog,models/marts_bi_v3/mart_awv_mini_cog.sql,merge,mart_awv_mini_cog_id,t.source_updated_at < s.source_updated_at,,,,append_new_columns,False,,appointments;questionnaires;clinicalencounter,,mart_awv_mini_cog_id,,,none_or_unvalidated,pk_integrity_pass,pk_validated,"prod PK integrity OK: rows=13241, null_pk=0, dup=0"
mart_bcr_detail,models/marts_bi_v3/bcr/mart_bcr_detail.sql,merge,mart_bcr_detail_id,,,,,append_new_columns,False,,stg_mdm__insurance;stg_mdm__provider;int_attribution_roster_spans;activityfact;claim;patientinsurance;insurancepackage;insurancereportingcategory,,mart_bcr_detail_id,,,none_or_unvalidated,pk_integrity_pass,pk_validated,"prod PK integrity OK: rows=2004843, null_pk=0, dup=0"
mart_behavioral_health,models/marts_bi_v3/mart_behavioral_health.sql,merge,mart_behavioral_health_id,,,,,append_new_columns,False,,behavioral_health;providers,,mart_behavioral_health_id,,,none_or_unvalidated,pk_integrity_pass,pk_validated,"prod PK integrity OK: rows=439, null_pk=0, dup=0"
mart_bh_scheduling_capacity,models/marts_bi_v3/mart_bh_scheduling_capacity.sql,merge,mart_bh_scheduling_capacity_id,,,,,append_new_columns,False,,v_bh_slot_utilization,,mart_bh_scheduling_capacity_id,,,none_or_unvalidated,pk_integrity_pass,pk_validated,"prod PK integrity OK: rows=3294, null_pk=0, dup=0"
mart_cadence_scheduling,models/marts_bi_v3/mart_cadence_scheduling.sql,merge,mart_cadence_scheduling_id,,,,,sync_all_columns,False,,int_cadence_qualifying_visits;int_patient_tier_features;patients,,mart_cadence_scheduling_id,,,none_or_unvalidated,pk_integrity_pass,pk_validated,"prod PK integrity OK: rows=18775, null_pk=0, dup=0"
mart_empi_golden_person,models/marts_bi_v3/mart_empi_golden_person.sql,merge,golden_id,,,,,append_new_columns,False,,int_empi_golden_records_clean;stg_athena__appointment;int_attribution_payor_slots;empi_identity_profile;empi_identity_xref;empi_identity_registry,,golden_id,,,none_or_unvalidated,pk_integrity_pass,pk_validated,"prod PK integrity OK: rows=30405, null_pk=0, dup=0"
mart_empi_identity_map,models/marts_bi_v3/mart_empi_identity_map.sql,merge,identity_map_id,,,,,append_new_columns,False,,empi_identity_xref;empi_payor_matches;empi_medicare_matches,,identity_map_id,,,none_or_unvalidated,pk_integrity_pass,pk_validated,"prod PK integrity OK: rows=84801, null_pk=0, dup=0"
mart_eov_cadence,models/marts_bi_v3/mart_eov_cadence.sql,merge,mart_eov_cadence_id,,,,,append_new_columns,False,,audit_bonus__encounter_detail;mart_attribution_detail;patients;appointment_types,,mart_eov_cadence_id,,,none_or_unvalidated,pk_integrity_pass,pk_validated,"prod PK integrity OK: rows=19578, null_pk=0, dup=0"
mart_hcc_assessment,models/marts_bi_v3/mart_hcc_assessment.sql,merge,mart_hcc_assessment_id,,,,,append_new_columns,False,,vw_hcc_assessment,,mart_hcc_assessment_id,,,none_or_unvalidated,pk_integrity_pass,pk_validated,"prod PK integrity OK: rows=29499, null_pk=0, dup=0"
mart_hcc_coder_contribution,models/marts_bi_v3/mart_hcc_coder_contribution.sql,merge,mart_hcc_coder_contribution_id,,,,,append_new_columns,False,,vw_hcc_coder_contribution,,mart_hcc_coder_contribution_id,,,none_or_unvalidated,pk_integrity_pass,pk_validated,"prod PK integrity OK: rows=17856, null_pk=0, dup=0"
mart_hcc_provider_contribution,models/marts_bi_v3/mart_hcc_provider_contribution.sql,merge,mart_hcc_provider_contribution_id,,,,,append_new_columns,False,,vw_hcc_provider_contribution,,mart_hcc_provider_contribution_id,,,none_or_unvalidated,pk_integrity_pass,pk_validated,"prod PK integrity OK: rows=16803, null_pk=0, dup=0"
mart_imaging,models/marts_bi_v3/mart_imaging.sql,merge,mart_imaging_id,,"t.source_updated_at >= DATE_SUB(CURRENT_DATE(), 730)",,,append_new_columns,False,,,,mart_imaging_id,,,none_or_unvalidated,pk_integrity_pass,pk_validated,"prod PK integrity OK: rows=12997, null_pk=0, dup=0"
mart_membership,models/marts_bi_v3/mart_membership.sql,merge,mart_membership_id,,,,,append_new_columns,False,,vw_membership_patients;patient_identity,,mart_membership_id,,,none_or_unvalidated,pk_integrity_pass,pk_validated,"prod PK integrity OK: rows=20667, null_pk=0, dup=0"
mart_membership_kpis_monthly,models/marts_bi_v3/mart_membership_kpis_monthly.sql,replace_where,mart_membership_kpis_monthly_id,,"period_start >= date_trunc('month', current_date - interval '90 days')::date OR period_start > date_trunc('month', current_date())::date",,,append_new_columns,False,,membership_monthly_snapshot;appointments;patient_experience,,mart_membership_kpis_monthly_id,,,none_or_unvalidated,pk_integrity_pass,pk_validated,"prod PK integrity OK: rows=3206, null_pk=0, dup=0"
mart_membership_lead_attribution,models/marts_bi_v3/mart_membership_lead_attribution.sql,merge,membership_lead_attribution_id,,,,,append_new_columns,False,,mart_membership,,membership_lead_attribution_id,,,none_or_unvalidated,pk_integrity_pass,pk_validated,"prod PK integrity OK: rows=466, null_pk=0, dup=0"
mart_monthly_leakage_cohort,models/marts_bi_v3/mart_monthly_leakage_cohort.sql,merge,mart_monthly_leakage_cohort_id,,,,,append_new_columns,False,,vw_monthly_leakage_cohort,,mart_monthly_leakage_cohort_id,,,none_or_unvalidated,pk_integrity_pass,pk_validated,"prod PK integrity OK: rows=26, null_pk=0, dup=0"
mart_no_next_validation,models/marts_bi_v3/mart_no_next_validation.sql,merge,mart_no_next_validation_id,,,,,append_new_columns,False,,vw_no_next_validation,,mart_no_next_validation_id,,,none_or_unvalidated,pk_integrity_pass,pk_validated,"prod PK integrity OK: rows=10250, null_pk=0, dup=0"
mart_npv_weekly,models/facts/mart_npv_weekly.sql,merge,mart_npv_weekly_id,t.source_updated_at < s.source_updated_at,,,,append_new_columns,False,,new_patient_visits,,mart_npv_weekly_id,,,none_or_unvalidated,pk_integrity_pass,pk_validated,"prod PK integrity OK: rows=2735, null_pk=0, dup=0"
mart_operating_review,models/marts_bi_v3/mart_operating_review.sql,merge,mart_operating_review_id,,,,,append_new_columns,False,,operating_review;patients,,mart_operating_review_id,,,none_or_unvalidated,pk_integrity_pass,pk_validated,"prod PK integrity OK: rows=18730, null_pk=0, dup=0"
mart_patient_attribution,models/marts_bi_v3/mart_patient_attribution.sql,merge,mart_patient_attribution_id,,,,,append_new_columns,False,,mv_attribution_self_service;patient_identity,,mart_patient_attribution_id,,,none_or_unvalidated,pk_integrity_pass,pk_validated,"prod PK integrity OK: rows=25347, null_pk=0, dup=0"
mart_patient_experience,models/marts_bi_v3/mart_patient_experience.sql,merge,mart_patient_experience_id,,,,,append_new_columns,False,,patient_experience,,mart_patient_experience_id,,,none_or_unvalidated,pk_integrity_pass,pk_validated,"prod PK integrity OK: rows=8954, null_pk=0, dup=0"
mart_patient_outreach,models/marts_bi_v3/mart_patient_outreach.sql,merge,mart_patient_outreach_id,,,,,append_new_columns,False,,patients;ai_outreach_outreach,,mart_patient_outreach_id,,,none_or_unvalidated,pk_integrity_pass,pk_validated,"prod PK integrity OK: rows=3501, null_pk=0, dup=0"
mart_patients,models/marts_bi_v3/mart_patients.sql,merge,mart_patients_id,,,,,append_new_columns,False,,patients;vw_membership_patients,,mart_patients_id,,,none_or_unvalidated,pk_integrity_pass,pk_validated,"prod PK integrity OK: rows=18794, null_pk=0, dup=0"
mart_population_history,models/marts_bi_v3/mart_population_history.sql,merge,mart_population_history_id,t.patient_count <> s.patient_count OR t.active_patient_count <> s.active_patient_count OR t.active_member_count <> s.active_member_count OR t.active_member_raw_count <> s.active_member_raw_count OR t.inactive_patient_count <> s.inactive_patient_count OR t.excluded_patient_count <> s.excluded_patient_count,,,,append_new_columns,False,,hist_patient_status_monthly;hist_patient_provider_monthly;hist_patient_insurance_monthly;hist_member_status_monthly,,mart_population_history_id,,,none_or_unvalidated,pk_integrity_pass,pk_validated,"prod PK integrity OK: rows=2717, null_pk=0, dup=0"
mart_provider_bonus,models/marts_bi_v3/mart_provider_bonus.sql,merge,mart_provider_bonus_id,,,,,append_new_columns,False,,fct_provider_bonus,,mart_provider_bonus_id,,,none_or_unvalidated,pk_integrity_pass,pk_validated,"prod PK integrity OK: rows=28, null_pk=0, dup=0"
mart_provider_bonus_detail,models/marts_bi_v3/mart_provider_bonus_detail.sql,merge,mart_provider_bonus_detail_id,,,,,append_new_columns,False,,fct_provider_bonus_detail,,mart_provider_bonus_detail_id,,,none_or_unvalidated,pk_integrity_pass,pk_validated,"prod PK integrity OK: rows=86052, null_pk=0, dup=0"
mart_provider_departure_tracker,models/marts_bi_v3/mart_provider_departure_tracker.sql,merge,mart_provider_departure_tracker_id,,,,,append_new_columns,False,,vw_provider_departure_tracker,,mart_provider_departure_tracker_id,,,none_or_unvalidated,pk_integrity_pass,pk_validated,"prod PK integrity OK: rows=4, null_pk=0, dup=0"
mart_scheduling_analytics,models/marts_bi_v3/mart_scheduling_analytics.sql,merge,mart_scheduling_analytics_id,,,,,append_new_columns,False,,appointments;patients;providers;clinics,,mart_scheduling_analytics_id,,,none_or_unvalidated,pk_integrity_pass,pk_validated,"prod PK integrity OK: rows=383010, null_pk=0, dup=0"
mart_scheduling_daily_capacity,models/marts_bi_v3/mart_scheduling_daily_capacity.sql,merge,mart_scheduling_daily_capacity_id,,,,,append_new_columns,False,,scheduling_provider_daily_capacity_v3,,mart_scheduling_daily_capacity_id,,,none_or_unvalidated,pk_integrity_pass,pk_validated,"prod PK integrity OK: rows=536, null_pk=0, dup=0"
mart_scheduling_ma_staffing,models/marts_bi_v3/mart_scheduling_ma_staffing.sql,merge,mart_scheduling_ma_staffing_id,,,,,append_new_columns,False,,scheduling_ma_staffing_v3,,mart_scheduling_ma_staffing_id,,,none_or_unvalidated,pk_integrity_pass,pk_validated,"prod PK integrity OK: rows=12585, null_pk=0, dup=0"
mart_scheduling_provider_archetypes,models/marts_bi_v3/mart_scheduling_provider_archetypes.sql,merge,mart_scheduling_provider_archetypes_id,,,,,append_new_columns,False,,scheduling_provider_archetypes_v3,,mart_scheduling_provider_archetypes_id,,,none_or_unvalidated,pk_integrity_pass,pk_validated,"prod PK integrity OK: rows=50186, null_pk=0, dup=0"
mart_tcm_visit,models/marts_bi_v3/mart_tcm_visit.sql,merge,mart_tcm_visit_id,,,,,append_new_columns,False,,tcm_visit,,mart_tcm_visit_id,,,none_or_unvalidated,pk_integrity_pass,pk_validated,"prod PK integrity OK: rows=2431, null_pk=0, dup=0"
mart_visit_type_cancellation_outcome,models/marts_bi_v3/mart_visit_type_cancellation_outcome.sql,merge,mart_visit_type_cancellation_outcome_id,,,,,append_new_columns,False,,vw_visit_type_cancellation_outcome,,mart_visit_type_cancellation_outcome_id,,,none_or_unvalidated,pk_integrity_pass,pk_validated,"prod PK integrity OK: rows=130, null_pk=0, dup=0"
mart_volume_attribution_details_by_payor,models/marts_bi_v3/mart_volume_attribution_details_by_payor.sql,merge,volume_attribution_details_by_payor_id,,,,,append_new_columns,False,,mart_patient_attribution,,volume_attribution_details_by_payor_id,,,none_or_unvalidated,pk_integrity_pass,pk_validated,"prod PK integrity OK: rows=344, null_pk=0, dup=0"
mart_volume_attribution_history_detail,models/marts_bi_v3/mart_volume_attribution_history_detail.sql,merge,volume_attribution_history_detail_id,,,,,append_new_columns,False,,mart_attribution_timeline,,volume_attribution_history_detail_id,,,none_or_unvalidated,pk_integrity_pass,pk_validated,"prod PK integrity OK: rows=49, null_pk=0, dup=0"
membership_monthly_snapshot,models/healthcare/membership/membership_monthly_snapshot.sql,merge,account_id;snapshot_month,"coalesce(t.source_updated_at, timestamp '1900-01-01') < s.source_updated_at",,,,append_new_columns,False,,vw_membership_patients,,account_id + snapshot_month,,,none_or_unvalidated,pk_integrity_pass,pk_validated,"prod PK integrity OK: rows=55369, null_pk=0, dup=0"
mv_attribution_self_service,models/healthcare/mv_attribution_self_service.sql,merge,attribution_id,t.source_updated_at < s.source_updated_at,,,,append_new_columns,False,,stg_salesforce__attribution;stg_salesforce__account;int_patient_status_computed;stg_mdm__provider;stg_salesforce__appointment;stg_mdm__patient;appointments;insurance_plans;patientinsurance,,attribution_id,,,none_or_unvalidated,pk_integrity_pass,pk_validated,"prod PK integrity OK: rows=21375, null_pk=0, dup=0"
mv_portal_activity,models/healthcare/scheduling/mv_portal_activity.sql,merge,activity_id;action,"coalesce(t.source_updated_at, timestamp '1900-01-01') < s.source_updated_at",,,,append_new_columns,False,,appointment;patient;appointmenttype;provider;department;patient,,activity_id + action,,,none_or_unvalidated,correctness_fix_pending_deploy,defect_found,"Remediated in correctness wave: UK changed to [activity_id, action] where activity_id=coalesce(cancelled,new). Prod re-validation pending deploy. Prior defect: 397/644 null UK rows."
new_patient_visits,models/facts/new_patient_visits.sql,merge,appointment_id,t.source_updated_at < s.source_updated_at,,,,append_new_columns,False,,vw_operating_review_appointments;patient_identity;patients;vw_npv_self_service_report,,appointment_id,,,none_or_unvalidated,pk_integrity_pass,pk_validated,"prod PK integrity OK: rows=35125, null_pk=0, dup=0"
operating_review,models/facts/operating_review.sql,merge,patient_id,t.source_updated_at < s.source_updated_at OR (t.has_next_visit IS DISTINCT FROM s.has_next_visit) OR (t.next_visit_date IS DISTINCT FROM s.next_visit_date) OR (t.is_no_next IS DISTINCT FROM s.is_no_next),,,,append_new_columns,False,,vw_operating_review_patients;patients;patient_identity;clinics,,patient_id,,,none_or_unvalidated,pk_integrity_pass,pk_validated,"prod PK integrity OK: rows=18730, null_pk=0, dup=0"
patient_census,models/facts/patient_census.sql,merge,entity_id;status_date,t.source_updated_at < s.source_updated_at or t.attributed_payor is distinct from s.attributed_payor or t.attributed_payor_as_of_month is distinct from s.attributed_payor_as_of_month or t.active_ma_risk_patient is distinct from s.active_ma_risk_patient,,,,append_new_columns,False,,patients;patient_identity;mart_mdm__member_populations;stg_salesforce__account;insurance_plans;int_empi__payor_identity_spine;int_attribution_point_in_time;attribution_history;int_attribution_payor_slots;appointment;patientinsurance;raw_mssp_roster;empi_identity_registry,,entity_id + status_date,,,none_or_unvalidated,pk_integrity_pass,pk_validated,"prod PK integrity OK: rows=383702, null_pk=0, dup=0"
patient_experience,models/facts/patient_experience.sql,merge,survey_id,"coalesce(t.source_updated_at, timestamp '1900-01-01') < s.source_updated_at",,,,append_new_columns,False,,vw_provider_nps_salesforce;patients;patient_identity,,survey_id,,,none_or_unvalidated,pk_integrity_pass,pk_validated,"prod PK integrity OK: rows=8954, null_pk=0, dup=0"
patient_identity,models/dimensions/patient_identity.sql,merge,golden_id,t.last_matched_at < s.last_matched_at OR (t.athena_id IS NULL AND s.athena_id IS NOT NULL),,,,append_new_columns,False,,int_empi_golden_records_clean;stg_mdm__patient;empi_identity_xref;empi_identity_profile;patient;providergroup,,golden_id,,,none_or_unvalidated,pk_integrity_pass,pk_validated,"prod PK integrity OK: rows=22079, null_pk=0, dup=0"
patients,models/dimensions/patients.sql,merge,patient_id,t.last_updated_at < s.last_updated_at,,,,append_new_columns,False,,stg_mdm__patient;int_patient_status_computed;patient_identity;int_primary_insurance;int_secondary_insurance;int_tertiary_insurance;int_empi_golden_records_clean;stg_membership__members;providers;account;patient;empi_payor_matches;raw_payor_alpha_members;raw_uhc_members;raw_mssp_roster;raw_payor_gamma_roster;raw_payor_delta_care_gaps,,patient_id,,,none_or_unvalidated,pk_integrity_pass,pk_validated,"prod PK integrity OK: rows=18775, null_pk=0, dup=0"
patients_with_inactive_current_pcp,models/healthcare/pcp/patients_with_inactive_current_pcp.sql,merge,patient_id,"coalesce(t.source_updated_at, timestamp '1900-01-01') < s.source_updated_at",,,,append_new_columns,False,,int_patient_status_computed;appointment;appointment_type;patient;patient;provider,,patient_id,,,none_or_unvalidated,pk_integrity_pass,pk_validated,"prod PK integrity OK: rows=876, null_pk=0, dup=0"
providers,models/dimensions/providers.sql,merge,provider_id,t.last_updated_at < s.last_updated_at,,,,append_new_columns,False,,stg_mdm__provider;provider;providergroup,,provider_id,,,none_or_unvalidated,pk_integrity_pass,pk_validated,"prod PK integrity OK: rows=58, null_pk=0, dup=0"
referral_management,models/facts/referral_management.sql,merge,document_id,t.created_datetime < s.created_datetime,,,,append_new_columns,False,,patient_identity;vw_referral_management,,document_id,,,none_or_unvalidated,pk_integrity_pass,pk_validated,"prod PK integrity OK: rows=98676, null_pk=0, dup=0"
rpt_m2m_patient_population,models/healthcare/raf/score/reports/rpt_m2m_patient_population.sql,merge,patient_id;payment_year,"coalesce(t.is_active, false) <> coalesce(s.is_active, false) OR coalesce(t.first_name, '') <> coalesce(s.first_name, '') OR coalesce(t.last_name, '') <> coalesce(s.last_name, '') OR coalesce(t.age, -1) <> coalesce(s.age, -1) OR coalesce(t.sex_code, '') <> coalesce(s.sex_code, '') OR coalesce(t.eligibility_segment, '') <> coalesce(s.eligibility_segment, '') OR coalesce(t.segment_name, '') <> coalesce(s.segment_name, '') OR coalesce(t.is_new_enrollee, false) <> coalesce(s.is_new_enrollee, false) OR coalesce(t.is_dual_eligible, false) <> coalesce(s.is_dual_eligible, false) OR coalesce(t.provider_name, '') <> coalesce(s.provider_name, '') OR coalesce(t.provider_npi, '') <> coalesce(s.provider_npi, '') OR coalesce(t.department_name, '') <> coalesce(s.department_name, '') OR coalesce(t.raw_raf_score, cast(0 as decimal(18,4))) <> coalesce(s.raw_raf_score, cast(0 as decimal(18,4))) OR coalesce(t.payment_raf_score, cast(0 as decimal(18,4))) <> coalesce(s.payment_raf_score, cast(0 as decimal(18,4))) OR coalesce(t.hcc_count, -1) <> coalesce(s.hcc_count, -1) OR coalesce(t.demographic_factor, cast(0 as decimal(18,4))) <> coalesce(s.demographic_factor, cast(0 as decimal(18,4))) OR coalesce(t.disease_factor, cast(0 as decimal(18,4))) <> coalesce(s.disease_factor, cast(0 as decimal(18,4))) OR coalesce(t.interaction_factor, cast(0 as decimal(18,4))) <> coalesce(s.interaction_factor, cast(0 as decimal(18,4))) OR coalesce(t.count_factor, cast(0 as decimal(18,4))) <> coalesce(s.count_factor, cast(0 as decimal(18,4))) OR coalesce(t.is_demographic_only, false) <> coalesce(s.is_demographic_only, false) OR coalesce(t.raf_tier, '') <> coalesce(s.raf_tier, '')",,,,append_new_columns,False,,dim_raf__attribution;fct_raf__patient_summary,,patient_id + payment_year,,,none_or_unvalidated,pk_integrity_pass,pk_validated,"prod PK integrity OK: rows=18468, null_pk=0, dup=0"
rpt_raf__disease_prevalence,models/healthcare/raf/capture/reports/rpt_raf__disease_prevalence.sql,merge,payment_year;eligibility_segment;hcc_code,"coalesce(t.hcc_description, '') <> coalesce(s.hcc_description, '') OR coalesce(t.affected_members, -1) <> coalesce(s.affected_members, -1) OR coalesce(t.total_diagnoses, -1) <> coalesce(s.total_diagnoses, -1) OR coalesce(t.segment_population, -1) <> coalesce(s.segment_population, -1) OR coalesce(t.total_population, -1) <> coalesce(s.total_population, -1) OR coalesce(t.segment_prevalence_pct, cast(0 as decimal(18,4))) <> coalesce(s.segment_prevalence_pct, cast(0 as decimal(18,4))) OR coalesce(t.overall_prevalence_pct, cast(0 as decimal(18,4))) <> coalesce(s.overall_prevalence_pct, cast(0 as decimal(18,4))) OR coalesce(t.prevalence_rank, -1) <> coalesce(s.prevalence_rank, -1)",,,,append_new_columns,False,,dim_raf__attribution;int_raf__hierarchy_applied,,payment_year + eligibility_segment + hcc_code,,,none_or_unvalidated,pk_integrity_pass,pk_validated,"prod PK integrity OK: rows=557, null_pk=0, dup=0"
rpt_raf__recapture_analysis,models/healthcare/raf/capture/reports/rpt_raf__recapture_analysis.sql,merge,hcc_code;prior_year;target_year,"coalesce(t.total_patients_prior, -1) <> coalesce(s.total_patients_prior, -1) OR coalesce(t.recaptured_patients, -1) <> coalesce(s.recaptured_patients, -1) OR coalesce(t.pending_patients, -1) <> coalesce(s.pending_patients, -1) OR coalesce(t.dismissed_patients, -1) <> coalesce(s.dismissed_patients, -1) OR coalesce(t.not_yet_seen_patients, -1) <> coalesce(s.not_yet_seen_patients, -1) OR coalesce(t.recapture_rate_pct, cast(0 as decimal(18,4))) <> coalesce(s.recapture_rate_pct, cast(0 as decimal(18,4))) OR coalesce(t.hcc_coefficient, cast(0 as decimal(18,4))) <> coalesce(s.hcc_coefficient, cast(0 as decimal(18,4))) OR coalesce(t.at_risk_raf_impact, cast(0 as decimal(18,4))) <> coalesce(s.at_risk_raf_impact, cast(0 as decimal(18,4)))",,,,append_new_columns,False,,int_raf__hierarchy_applied;cms_hcc_v28__all_coefficients;int_raf__eligibility_segment,,hcc_code + prior_year + target_year,,,none_or_unvalidated,pk_integrity_pass,pk_validated,"prod PK integrity OK: rows=356, null_pk=0, dup=0"
rpt_raf__visit_budget_analysis,models/healthcare/raf/capture/reports/rpt_raf__visit_budget_analysis.sql,merge,provider_id;department_id;coded_year;appointment_type_name,"coalesce(t.total_visits, -1) <> coalesce(s.total_visits, -1) OR coalesce(t.unique_patients, -1) <> coalesce(s.unique_patients, -1) OR coalesce(t.visits_with_hcc, -1) <> coalesce(s.visits_with_hcc, -1) OR coalesce(t.visits_without_hcc, -1) <> coalesce(s.visits_without_hcc, -1) OR coalesce(t.hcc_capture_rate_pct, cast(0 as decimal(18,4))) <> coalesce(s.hcc_capture_rate_pct, cast(0 as decimal(18,4))) OR coalesce(t.avg_hccs_per_visit, cast(0 as decimal(18,4))) <> coalesce(s.avg_hccs_per_visit, cast(0 as decimal(18,4))) OR coalesce(t.first_visit_date, date '1900-01-01') <> coalesce(s.first_visit_date, date '1900-01-01') OR coalesce(t.last_visit_date, date '1900-01-01') <> coalesce(s.last_visit_date, date '1900-01-01')",,,,append_new_columns,False,,gold_appointment_supplement;int_raf__hierarchy_applied,,provider_id + department_id + coded_year + appointment_type_name,,,none_or_unvalidated,skipped_empty_upstream,blocked_upstream_empty,Empty in prod (0 rows). Depends on gold_appointment_supplement which is empty. PK config not testable until upstream populated. Not an incremental config defect.
scheduling_capacity,models/facts/scheduling_capacity.sql,merge,appointment_id,"coalesce(t.source_updated_at, timestamp '1900-01-01') < s.source_updated_at",,,,append_new_columns,False,,vw_provider_capacity;clinics,,appointment_id,,,none_or_unvalidated,pk_integrity_pass,pk_validated,"prod PK integrity OK: rows=296669, null_pk=0, dup=0"
scheduling_ma_staffing_v3,models/healthcare/scheduling/scheduling_ma_staffing_v3.sql,merge,provider_id;clinic_name;appointment_date,,,,,append_new_columns,False,,,,provider_id + clinic_name + appointment_date,,,none_or_unvalidated,pk_integrity_pass,pk_validated,"prod PK integrity OK: rows=12585, null_pk=0, dup=0"
scheduling_provider_archetypes_v3,models/healthcare/scheduling/scheduling_provider_archetypes_v3.sql,merge,provider_id;clinic_name;appointment_date;schedule_cluster,,,,,append_new_columns,False,,,,provider_id + clinic_name + appointment_date + schedule_cluster,,,none_or_unvalidated,pk_integrity_pass,pk_validated,"prod PK integrity OK: rows=50186, null_pk=0, dup=0"
scheduling_provider_daily_capacity_v3,models/healthcare/scheduling/scheduling_provider_daily_capacity_v3.sql,merge,provider_id;clinic_name;day_of_week;capacity_source,,,,,append_new_columns,False,,,,provider_id + clinic_name + day_of_week + capacity_source,,,none_or_unvalidated,pk_integrity_pass,pk_validated,"prod PK integrity OK: rows=536, null_pk=0, dup=0"
sync_mdm_appointment_type,models/mdm/sync_mdm_appointment_type.sql,merge,appointment_type_id,t.last_updated_at < s.last_updated_at,,,AWV_Visit;Patient_Visit;Telehealth_Visit;Behavioral_Health_Visit;Ancillary_Visit;Initial_Visit;Routine_Visit;Non_Provider;review_status,ignore,False,,appointmenttype;appointment,,appointment_type_id,,,none_or_unvalidated,pk_integrity_pass,pk_validated,"prod PK integrity OK: rows=68, null_pk=0, dup=0"
sync_mdm_insurance,models/mdm/sync_mdm_insurance.sql,merge,insurance_package_id,t.last_updated_at < s.last_updated_at,,,experian_payer_code;experian_payer_name;review_status,ignore,False,,v_insurance_sync,,insurance_package_id,,,none_or_unvalidated,pk_integrity_pass,pk_validated,"prod PK integrity OK: rows=411, null_pk=0, dup=0"
sync_mdm_patient,models/mdm/sync_mdm_patient.sql,merge,patient_id,t.last_updated_at < s.last_updated_at,,,days_since_last_completed_visit;last_completed_visit_date;computed_status;status_reason,ignore,False,,v_patient_sync,,patient_id,,,none_or_unvalidated,pk_integrity_pass,pk_validated,"prod PK integrity OK: rows=18895, null_pk=0, dup=0"
sync_mdm_provider,models/mdm/sync_mdm_provider.sql,merge,provider_id,t.last_updated_at < s.last_updated_at,,,salesforce_contact_id;Physician;Mid_Level;Ancillary_Staff;Non_Provider;Alias;BH_Provider;force_bonus_eligible;MIDI_Provider_Names;scorecard_eligible;bonus_eligible;bonus_eligible_start_date;bonus_eligible_end_date;dashboard_location_override;is_float_provider,append_new_columns,False,,v_provider_sync;int_provider_trinet_crosswalk;ref_provider_employment_overrides;ref_provider_eligibility,,provider_id,,,none_or_unvalidated,pk_integrity_pass,pk_validated,"prod PK integrity OK: rows=97, null_pk=0, dup=0"
sync_mdm_staff,models/mdm/sync_mdm_staff.sql,merge,staff_email,t.last_updated_at < s.last_updated_at,,,,append_new_columns,False,,v_staff_sync,,staff_email,,,none_or_unvalidated,pk_integrity_pass,pk_validated,"prod PK integrity OK: rows=218, null_pk=0, dup=0"
tcm_visit,models/healthcare/tcm/tcm_visit.sql,merge,patient_id;encounter_id,t.source_updated_at < s.source_updated_at,,,,append_new_columns,False,,patients;clinicalencounter;account;patient;case;user;appointment;appointmenttype;department;location,,patient_id + encounter_id,,,none_or_unvalidated,pk_integrity_pass,pk_validated,"prod PK integrity OK: rows=2430, null_pk=0, dup=0"
toc_reporting,models/facts/toc_reporting.sql,merge,clinical_discharge_id;followup_number,t.source_updated_at < s.source_updated_at,,,,append_new_columns,False,,tcm_visit;patient_identity;case;user,,clinical_discharge_id + followup_number,,,none_or_unvalidated,pk_integrity_pass,pk_validated,"prod PK integrity OK: rows=2569, null_pk=0, dup=0"
transitional_care,models/facts/transitional_care.sql,merge,case_number,t.source_updated_at < s.source_updated_at,,,,append_new_columns,False,,patient_identity;vw_tcm_dashboard,,case_number,,,none_or_unvalidated,pk_integrity_pass,pk_validated,"prod PK integrity OK: rows=2063, null_pk=0, dup=0"
v_athena_ccda_referrals,models/healthcare/athena/v_athena_ccda_referrals.sql,merge,DOCUMENTID,"coalesce(t.LASTUPDATED, timestamp '1900-01-01') < s.LASTUPDATED",,,,append_new_columns,False,,document;interfacemessage;interfacemessageparam,,DOCUMENTID,,,none_or_unvalidated,pk_integrity_pass,pk_validated,"prod PK integrity OK: rows=4015, null_pk=0, dup=0"
v_athena_documents_for_ai_processing,models/healthcare/athena/v_athena_documents_for_ai_processing.sql,merge,DOCUMENTID,"coalesce(t.LASTUPDATED, timestamp '1900-01-01') < s.LASTUPDATED",,,,append_new_columns,False,,document,,DOCUMENTID,,,none_or_unvalidated,pk_integrity_pass,pk_validated,"prod PK integrity OK: rows=19511, null_pk=0, dup=0"
v_athena_midi_health_documents,models/healthcare/athena/v_athena_midi_health_documents.sql,merge,DOCUMENTID,"coalesce(t.LASTUPDATED, timestamp '1900-01-01') < s.LASTUPDATED",,,,append_new_columns,False,,document;interfacemessageparam,,DOCUMENTID,,,none_or_unvalidated,pk_integrity_pass,pk_validated,"prod PK integrity OK: rows=2082, null_pk=0, dup=0"
v_bh_slot_utilization,models/healthcare/behavioral_health/v_bh_slot_utilization.sql,merge,appointmentdate;appointmentstarttime;departmentid;providerid,"coalesce(t.source_updated_at, timestamp '1900-01-01') < s.source_updated_at",,,,append_new_columns,False,,appointment_type;appointment;location;provider,,appointmentdate + appointmentstarttime + departmentid + providerid,,,none_or_unvalidated,pk_integrity_pass,pk_validated,"prod PK integrity OK: rows=3332, null_pk=0, dup=0"
v_bhpatientpanel,models/healthcare/behavioral_health/v_bhpatientpanel.sql,merge,MRN,,,,,append_new_columns,False,,providers;int_patient_status_computed;appointments;patients;appointment;appointment_type;provider;cmprogrampatientstatevt;referralauthorization;patientinsurance;patient;chartquestionnaire;chart;cmcareplan;cmcareevent;customdemographics;patient;location,,MRN,,,none_or_unvalidated,pk_integrity_pass,pk_validated,"prod PK integrity OK: rows=520, null_pk=0, dup=0"
v_preop_tcm_patients,models/healthcare/tcm/v_preop_tcm_patients.sql,merge,patient_id;appointment_id,t.source_updated_at < s.source_updated_at,,,,append_new_columns,False,,tcm_visit;appointment;appointmenttype,,patient_id + appointment_id,,,none_or_unvalidated,pk_integrity_pass,pk_validated,"prod PK integrity OK: rows=134, null_pk=0, dup=0"
vw_athena_account_insurance_sync,models/healthcare/athena/vw_athena_account_insurance_sync.sql,merge,patientid,,,,,,False,,patientinsurance;insurancepackage;insuranceproducttype;governmentfundedtype;insurancereportingcategory;insurance;chroniccaremanagement;chroniccarestatus;patient,,patientid,,,none_or_unvalidated,pk_integrity_pass,pk_validated,"prod PK integrity OK: rows=19126, null_pk=0, dup=0"
vw_attribution_operations,models/healthcare/empi/vw_attribution_operations.sql,merge,PATIENT_ID,"coalesce(t.source_updated_at, timestamp '1900-01-01') < s.source_updated_at",,,,append_new_columns,False,,attribution_operations,,PATIENT_ID,,,none_or_unvalidated,pk_integrity_pass,pk_validated,"prod PK integrity OK: rows=10741, null_pk=0, dup=0"
vw_attribution_unified,models/healthcare/vw_attribution_unified.sql,merge,account_id,t.source_updated_at < s.source_updated_at,,,,append_new_columns,False,,base_salesforce__attribution;vw_appointmentview_patient_visits;clinics;int_provider_by_contact;int_patient_status_computed;base_salesforce__appointment;stg_mdm__provider;patients;account;patient,,account_id,,,none_or_unvalidated,pk_integrity_pass,pk_validated,"prod PK integrity OK: rows=20433, null_pk=0, dup=0"
vw_attribution_with_filters,models/healthcare/empi/vw_attribution_with_filters.sql,merge,Id,t.LastModifiedDate < s.LastModifiedDate,,,,append_new_columns,False,,patients;base_salesforce__attribution;int_provider_by_contact;account,,Id,,,none_or_unvalidated,pk_integrity_pass,pk_validated,"prod PK integrity OK: rows=21392, null_pk=0, dup=0"
vw_awv_appointment_type_qa,models/healthcare/awv/vw_awv_appointment_type_qa.sql,merge,appointment_type;status_category,,,,,,False,,base_salesforce__appointment;patients;patient;patient;location;account,,appointment_type + status_category,,,none_or_unvalidated,pk_integrity_pass,pk_validated,"prod PK integrity OK: rows=6, null_pk=0, dup=0"
vw_awv_appointments_with_cases,models/healthcare/awv/vw_awv_appointments_with_cases.sql,merge,PATIENTID,,,,,,False,,vw_appointmentview_patient_visits;vw_cases_with_filters;provider,,PATIENTID,,,none_or_unvalidated,pk_integrity_pass,pk_validated,"prod PK integrity OK: rows=11403, null_pk=0, dup=0"
vw_awv_billing_by_payor,models/healthcare/awv/vw_awv_billing_by_payor.sql,merge,Payor,,,,,,False,,base_salesforce__appointment;patients;patient;patient;location;account;appointment;appointment_type;transaction,,Payor,,,none_or_unvalidated,pk_integrity_pass,pk_validated,"prod PK integrity OK: rows=3, null_pk=0, dup=0"
vw_awv_by_department,models/healthcare/awv/vw_awv_by_department.sql,merge,departmentname;Attribution;Provider,,,,,,False,,patients;int_provider_by_contact;patient;patient;location;appointment;account;appointment_type,,departmentname + Attribution + Provider,,,none_or_unvalidated,pk_integrity_pass,pk_validated,"prod PK integrity OK: rows=313, null_pk=0, dup=0"
vw_awv_patient_details,models/healthcare/awv/vw_awv_patient_details.sql,merge,Patient_ID,"coalesce(t.source_updated_at, timestamp '1900-01-01') < s.source_updated_at",,,,append_new_columns,False,,base_salesforce__appointment;patients;int_provider_by_contact;patient;patient;location;account;appointment;appointment_type;transaction;contact,,Patient_ID,,,none_or_unvalidated,pk_integrity_pass,pk_validated,"prod PK integrity OK: rows=9279, null_pk=0, dup=0"
vw_awv_population_breakdown,models/healthcare/awv/vw_awv_population_breakdown.sql,merge,Id,"coalesce(t.source_updated_at, timestamp '1900-01-01') < s.source_updated_at",,,,append_new_columns,False,,base_salesforce__appointment;patients;patient;patient;location;account,,Id,,,none_or_unvalidated,pk_integrity_pass,pk_validated,"prod PK integrity OK: rows=9279, null_pk=0, dup=0"
vw_cases_with_filters,models/healthcare/scheduling/vw_cases_with_filters.sql,merge,Id,t.SystemModstamp < s.SystemModstamp,,,,append_new_columns,False,,patients;int_provider_by_contact;account;case,,Id,,,none_or_unvalidated,pk_integrity_pass,pk_validated,"prod PK integrity OK: rows=5249, null_pk=0, dup=0"
vw_ai_outreach_call_analysis,models/healthcare/ai_outreach/vw_ai_outreach_call_analysis.sql,merge,ai_outreach_call_api_id,t.call_started_at < s.call_started_at,,,,append_new_columns,False,,ai_outreach_webhooks,,ai_outreach_call_api_id,,,none_or_unvalidated,pk_integrity_pass,pk_validated,"prod PK integrity OK: rows=3620, null_pk=0, dup=0"
vw_ai_outreach_no_next_candidates,models/healthcare/ai_outreach/vw_ai_outreach_no_next_candidates.sql,merge,account_id,"coalesce(t.source_updated_at, timestamp '1900-01-01') < s.source_updated_at",,,,append_new_columns,False,,patients;providers;case;ai_outreach_outreach_log;account,,account_id,,,none_or_unvalidated,pk_integrity_pass,pk_validated,"prod PK integrity OK: rows=635, null_pk=0, dup=0"
vw_ai_outreach_outreach,models/healthcare/ai_outreach/vw_ai_outreach_outreach.sql,merge,outreach_id,,,,,,False,,patients;vw_ai_outreach_call_analysis;stg_salesforce__appointment;ai_outreach_outreach_log;account;patient_identity,,outreach_id,,,none_or_unvalidated,pk_integrity_pass,pk_validated,"prod PK integrity OK: rows=3501, null_pk=0, dup=0"
vw_dm_scheduling_patient_visits,models/healthcare/scheduling/vw_dm_scheduling_patient_visits.sql,merge,APPOINTMENT_ID,"coalesce(t.source_updated_at, timestamp '1900-01-01') < s.source_updated_at",,delete,,append_new_columns,False,,stg_scheduling__slots;appointment_type,,APPOINTMENT_ID,,,merge_not_matched_by_source,pk_integrity_pass,pk_validated,"prod PK integrity OK: rows=397591, null_pk=0, dup=0"
vw_experian_eligibility_response,models/experian/vw_experian_eligibility_response.sql,merge,patient_id;patient_insurance_id,t.response_date < s.response_date,,,,append_new_columns,False,,experian_eligibility_response_raw,,patient_id + patient_insurance_id,,,none_or_unvalidated,pk_integrity_pass,pk_validated,"prod PK integrity OK: rows=7753, null_pk=0, dup=0"
vw_hcc_assessment,models/healthcare/raf/capture/gold/vw_hcc_assessment.sql,merge,patient_id;visit_id;icd10_code,t.last_synced_at < s.last_synced_at,,,,append_new_columns,False,,stg_athena__patientproblem;int_raf__eligibility_segment;cms_hcc_v28__all_coefficients;int_navina_provider_code_level;clinicalencounter;clinicalencounterdiagnosis;clinicalencounterdxicd10;icdcodeall;claim;patient,,patient_id + visit_id + icd10_code,,,none_or_unvalidated,pk_integrity_pass,pk_validated,"prod PK integrity OK: rows=29500, null_pk=0, dup=0"
vw_hcc_coder_contribution,models/healthcare/raf/capture/gold/vw_hcc_coder_contribution.sql,merge,visit_id;coder_name,t.scrub_date < s.scrub_date,,,,append_new_columns,False,,int_navina_coder_visit_level;int_navina_coder_code_level;patient,,visit_id + coder_name,,,none_or_unvalidated,pk_integrity_pass,pk_validated,"prod PK integrity OK: rows=17856, null_pk=0, dup=0"
vw_hcc_provider_contribution,models/healthcare/raf/capture/gold/vw_hcc_provider_contribution.sql,merge,npi_id;encounter_date;visit_id,t.last_synced_at < s.last_synced_at,,,,append_new_columns,False,,int_navina_provider_visit_level;int_navina_provider_code_level;patient,,npi_id + encounter_date + visit_id,,,none_or_unvalidated,pk_integrity_pass,pk_validated,"prod PK integrity OK: rows=16803, null_pk=0, dup=0"
vw_heartwise_candidates,models/healthcare/athena/vw_heartwise_candidates.sql,merge,patientid,t.view_generated_at < s.view_generated_at,,,,append_new_columns,False,,int_patient_status_computed;patient;patient;clinicalencounter;clinicalencounterdxicd10;icdcodeall;customdemographics,,patientid,,,none_or_unvalidated,pk_integrity_pass,pk_validated,"prod PK integrity OK: rows=392, null_pk=0, dup=0"
vw_historical_attribution,models/healthcare/empi/vw_historical_attribution.sql,merge,identity_id;as_of_month;payor,"coalesce(t.source_updated_at, timestamp '1900-01-01') < s.source_updated_at or t.match_status is distinct from s.match_status",,,,append_new_columns,False,,int_empi__payor_identity_spine;raw_payor_alpha_members;empi_payor_matches;raw_uhc_members;raw_uhc_herself_attribution_panel;raw_mssp_roster;raw_payor_gamma_roster;raw_payor_delta_care_gaps;raw_aha_roster,,identity_id + as_of_month + payor,,,none_or_unvalidated,pk_integrity_pass,pk_validated,"prod PK integrity OK: rows=44151, null_pk=0, dup=0"
vw_mc_membership_enrollment,models/healthcare/membership/vw_mc_membership_enrollment.sql,merge,SubscriberKey,"coalesce(t.source_updated_at, timestamp '1900-01-01') < s.source_updated_at",,,,append_new_columns,False,,vw_membership_patients,,SubscriberKey,,,none_or_unvalidated,pk_integrity_pass,pk_validated,"prod PK integrity OK: rows=1345, null_pk=0, dup=0"
vw_mddo_physician_appointments_with_cases,models/healthcare/mddo/vw_mddo_physician_appointments_with_cases.sql,merge,PATIENTID,,,,,,False,,vw_appointmentview_patient_visits;vw_cases_with_filters;int_provider_by_contact;provider;account,,PATIENTID,,,none_or_unvalidated,pk_integrity_pass,pk_validated,"prod PK integrity OK: rows=622, null_pk=0, dup=0"
vw_membership_appointments,models/healthcare/membership/vw_membership_appointments.sql,merge,appointment_id,"coalesce(t.source_updated_at, timestamp '1900-01-01') < s.source_updated_at",,,,append_new_columns,False,,vw_membership_patients;base_salesforce__appointment;contact,,appointment_id,,,none_or_unvalidated,pk_integrity_pass,pk_validated,"prod PK integrity OK: rows=21881, null_pk=0, dup=0"
vw_membership_patients,models/healthcare/membership/vw_membership_patients.sql,merge,account_id,"coalesce(t.source_updated_at, timestamp '1900-01-01') < s.source_updated_at",,,,append_new_columns,False,,int_patient_status_computed;base_salesforce__appointment;int_membership_authority;providers;patientinsurance;insurancepackage;insurance;patient;patient;lead;account;contact;user,,account_id,,,none_or_unvalidated,pk_integrity_pass,pk_validated,"prod PK integrity OK: rows=18410, null_pk=0, dup=0"
vw_midi_appointments,models/healthcare/athena/vw_midi_appointments.sql,merge,appointment_id,t.last_modified_datetime < s.last_modified_datetime OR NOT (t.intake_status <=> s.intake_status) OR NOT (t.consent_status <=> s.consent_status) OR NOT (t.cpt_code <=> s.cpt_code),,,,append_new_columns,False,,intake_roster;appointment;patient;appointmenttype;provider;activityfact,,appointment_id,,,none_or_unvalidated,pk_integrity_pass,pk_validated,"prod PK integrity OK: rows=1769, null_pk=0, dup=0"
vw_monthly_leakage_cohort,models/healthcare/retention/vw_monthly_leakage_cohort.sql,merge,cohort_month_start,,,,,append_new_columns,False,,vw_operating_review_appointments,,cohort_month_start,,,none_or_unvalidated,pk_integrity_pass,pk_validated,"prod PK integrity OK: rows=26, null_pk=0, dup=0"
vw_no_next_validation,models/healthcare/vw_no_next_validation.sql,merge,account_id,"coalesce(t.source_updated_at, timestamp '1900-01-01') < s.source_updated_at",,,,append_new_columns,False,,appointments;patients;int_provider_by_contact;account;case,,account_id,,,none_or_unvalidated,pk_integrity_pass,pk_validated,"prod PK integrity OK: rows=9997, null_pk=0, dup=0"
vw_npv_patient_recovery,models/healthcare/scheduling/vw_npv_patient_recovery.sql,merge,APPOINTMENTVIEWID,"coalesce(t.source_updated_at, timestamp '1900-01-01') < s.source_updated_at",,,,append_new_columns,False,,appointmentview,,APPOINTMENTVIEWID,,,none_or_unvalidated,pk_integrity_pass,pk_validated,"prod PK integrity OK: rows=7687, null_pk=0, dup=0"
vw_operating_review_appointments,models/healthcare/scheduling/vw_operating_review_appointments.sql,merge,appointment_id,t.source_updated_at < s.source_updated_at,,,,append_new_columns,False,,appointment;provider;appointmentview;patientinsurance;insurancepackage;insurance;claim;eligibilitytrack;appointment_type;department;provider;appointmenttype,,appointment_id,,,none_or_unvalidated,pk_integrity_pass,pk_validated,"prod PK integrity OK: rows=168116, null_pk=0, dup=0"
vw_operating_review_patients,models/healthcare/scheduling/vw_operating_review_patients.sql,merge,patient_id,t.source_updated_at < s.source_updated_at OR (t.has_next_visit IS DISTINCT FROM s.has_next_visit) OR (t.next_visit_date IS DISTINCT FROM s.next_visit_date) OR (t.is_no_next IS DISTINCT FROM s.is_no_next),,,,append_new_columns,False,,int_patient_status_computed;appointments;insurance_plans;patients;stg_bonus__insurance_classification;patient;patient;department;patientinsurance;customdemographics;appointment;appointment_type;provider,,patient_id,,,none_or_unvalidated,pk_integrity_pass,pk_validated,"prod PK integrity OK: rows=18730, null_pk=0, dup=0"
vw_original_medicare_actionable,models/healthcare/empi/vw_original_medicare_actionable.sql,merge,Patient_ID,t.source_updated_at < s.source_updated_at,,,,append_new_columns,False,,patients;base_salesforce__appointment;int_attribution_global;contact,,Patient_ID,,,none_or_unvalidated,pk_integrity_pass,pk_validated,"prod PK integrity OK: rows=2524, null_pk=0, dup=0"
vw_physician_appointments,models/healthcare/athena/vw_physician_appointments.sql,merge,APPOINTMENTID,"coalesce(t.source_updated_at, timestamp '1900-01-01') < s.source_updated_at",,,,append_new_columns,False,,int_primary_insurance;appointment;patient;provider;provider;appointment_type;patientinsurance;insurancepackage;insurance,,APPOINTMENTID,,,none_or_unvalidated,pk_integrity_pass,pk_validated,"prod PK integrity OK: rows=22669, null_pk=0, dup=0"
vw_physician_capacity,models/healthcare/scheduling/vw_physician_capacity.sql,merge,APPOINTMENT_ID,"coalesce(t.source_updated_at, timestamp '1900-01-01') < s.source_updated_at",,delete,,append_new_columns,False,,stg_scheduling__slots;providers;appointment_types,,APPOINTMENT_ID,,,merge_not_matched_by_source,pk_integrity_pass,pk_validated,"prod PK integrity OK: rows=57604, null_pk=0, dup=0"
vw_provider_capacity,models/healthcare/scheduling/vw_provider_capacity.sql,merge,APPOINTMENT_ID,"coalesce(t.source_updated_at, timestamp '1900-01-01') < s.source_updated_at",,delete,,append_new_columns,False,,stg_scheduling__slots;providers;appointment_types,,APPOINTMENT_ID,,,merge_not_matched_by_source,pk_integrity_pass,pk_validated,"prod PK integrity OK: rows=296669, null_pk=0, dup=0"
vw_provider_departure_tracker,models/healthcare/vw_provider_departure_tracker.sql,merge,provider,,,,,append_new_columns,False,,contact;case;account,,provider,,,none_or_unvalidated,pk_integrity_pass,pk_validated,"prod PK integrity OK: rows=4, null_pk=0, dup=0"
vw_provider_nps_salesforce,models/healthcare/nps/vw_provider_nps_salesforce.sql,merge,ID,"coalesce(t.source_updated_at, timestamp '1900-01-01') < s.source_updated_at",,,,,False,,base_salesforce__appointment;account;contact,,ID,,,none_or_unvalidated,pk_integrity_pass,pk_validated,"prod PK integrity OK: rows=8954, null_pk=0, dup=0"
vw_referral_management,models/healthcare/athena/vw_referral_management.sql,merge,documentid,t.lastupdated < s.lastupdated,,,,append_new_columns,False,,int_patient_status_computed;document;patient;patient;clinicalencounter;appointment;clinicalprovider,,documentid,,,none_or_unvalidated,pk_integrity_pass,pk_validated,"prod PK integrity OK: rows=98676, null_pk=0, dup=0"
vw_scheduling_cases_qa,models/healthcare/scheduling/vw_scheduling_cases_qa.sql,merge,Id,"coalesce(t.source_updated_at, timestamp '1900-01-01') < s.source_updated_at",,,,append_new_columns,False,,base_salesforce__attribution;case,,Id,,,none_or_unvalidated,pk_integrity_pass,pk_validated,"prod PK integrity OK: rows=5256, null_pk=0, dup=0"
vw_tcm_dashboard,models/healthcare/tcm/vw_tcm_dashboard.sql,merge,patient_id;case_number,t.source_updated_at < s.source_updated_at,,,,append_new_columns,False,,tcm_visit,,patient_id + case_number,,,none_or_unvalidated,pk_integrity_pass,pk_validated,"prod PK integrity OK: rows=2072, null_pk=0, dup=0"
vw_tcm_dashboard_daily,models/healthcare/tcm/vw_tcm_dashboard_daily.sql,merge,discharge_date,,,,,,False,,vw_tcm_dashboard,,discharge_date,,,none_or_unvalidated,pk_integrity_pass,pk_validated,"prod PK integrity OK: rows=646, null_pk=0, dup=0"
vw_visit_type_cancellation_outcome,models/healthcare/retention/vw_visit_type_cancellation_outcome.sql,merge,cohort_month_start;visit_type_class,,,,,append_new_columns,False,,vw_operating_review_appointments;appointment_type,,cohort_month_start + visit_type_class,,,none_or_unvalidated,pk_integrity_pass,pk_validated,"prod PK integrity OK: rows=130, null_pk=0, dup=0"
vw_wbr_physician_visits_completed,models/healthcare/wbr/vw_wbr_physician_visits_completed.sql,merge,APPOINTMENTVIEWID,"coalesce(t.source_updated_at, timestamp '1900-01-01') < s.source_updated_at",,,,append_new_columns,False,,vw_appointmentview_patient_visits;patients;provider,,APPOINTMENTVIEWID,,,none_or_unvalidated,pk_integrity_pass,pk_validated,"prod PK integrity OK: rows=13637, null_pk=0, dup=0"
vw_wbr_physician_visits_scheduled,models/healthcare/wbr/vw_wbr_physician_visits_scheduled.sql,merge,APPOINTMENTVIEWID,"coalesce(t.source_updated_at, timestamp '1900-01-01') < s.source_updated_at",,,,append_new_columns,False,,vw_appointmentview_patient_visits;patients;provider,,APPOINTMENTVIEWID,,,none_or_unvalidated,pk_integrity_pass,pk_validated,"prod PK integrity OK: rows=13637, null_pk=0, dup=0"
wellness_visits,models/facts/wellness_visits.sql,merge,report_date;attribution_payor;clinic_name;provider_name,t.report_date < s.report_date,,,,append_new_columns,False,,vw_awv_metrics,,report_date + attribution_payor + clinic_name + provider_name,,,none_or_unvalidated,pk_integrity_pass,pk_validated,"prod PK integrity OK: rows=28532, null_pk=0, dup=0"
fct_raf__monthly_snapshots,models/healthcare/raf/score/facts/fct_raf__monthly_snapshots.sql,merge,patient_id;payment_year;year_month,t.raw_raf_score is distinct from s.raw_raf_score or t.payment_raf_score is distinct from s.payment_raf_score or t.disease_factor is distinct from s.disease_factor or t.interaction_factor is distinct from s.interaction_factor or t.count_factor is distinct from s.count_factor or t.demographic_factor is distinct from s.demographic_factor or t.distinct_hcc_count is distinct from s.distinct_hcc_count or t.is_active is distinct from s.is_active or t.eligibility_segment is distinct from s.eligibility_segment or t.is_year_locked is distinct from s.is_year_locked or t.lock_type is distinct from s.lock_type,,,,append_new_columns,False,,int_raf__scored_hccs;dim_raf__attribution;ref_raf__data_collection_periods;int_raf__demographic_factors,,patient_id + payment_year + year_month,,,none_or_unvalidated,pk_integrity_pass,registry_backfill,Added to satisfy test_incremental_contract_coverage after model became incremental (PREFECT-6M).
int_patient_dx_universe,models/healthcare/scheduling/int_patient_dx_universe.sql,merge,patient_id;dx,,,,,append_new_columns,False,,int_patient_chart_crosswalk,athenahealth.athenaone.claimdiagnosis;athenahealth.athenaone.claim;athenahealth.athenaone.patientproblem,patient_id + dx,,3d patient delete+rebuild via pre_hook,pre_hook_patient_scoped_delete,pk_integrity_pass,registry_backfill,Added to satisfy test_incremental_contract_coverage; strategy is merge (delete+insert invalid on Databricks). PREFECT-6M.
mart_hcc_grouped,models/marts_bi_v3/mart_hcc_grouped.sql,merge,mart_hcc_grouped_id,,,,,append_new_columns,False,,int_raf__combined_sources;int_navina__hcc_assessment_grouped;int_claim_closed;vw_hcc_assessment;mart_membership,,mart_hcc_grouped_id,,,none_or_unvalidated,pk_integrity_pass,registry_backfill,Added to satisfy test_incremental_contract_coverage after HCC grouped mart promotion (alert remediation 2026-07-24).
mart_hcc_rolled,models/marts_bi_v3/mart_hcc_rolled.sql,merge,mart_hcc_rolled_id,,,,,append_new_columns,False,,int_navina__hcc_assessment_icd_rolled;int_raf__combined_sources;mart_hcc_grouped;int_claim_closed;dim_icd_categorization,,mart_hcc_rolled_id,,,none_or_unvalidated,pk_integrity_pass,registry_backfill,Added to satisfy test_incremental_contract_coverage after HCC rolled mart promotion (alert remediation 2026-07-24).
