enrollment_segment,age,sex,coefficient,detail_key,risk_score_base
CNA,65,M,0.332,CNA_M65_69,0.332
CNA,65,F,0.33,CNA_F65_69,0.33
CNA,70,M,0.396,CNA_M70_74,0.396
CNA,70,F,0.395,CNA_F70_74,0.395
CNA,75,M,0.502,CNA_M75_79,0.502
CNA,75,F,0.465,CNA_F75_79,0.465
CNA,80,M,0.571,CNA_M80_84,0.571
CNA,80,F,0.524,CNA_F80_84,0.524
CNA,85,M,0.664,CNA_M85_89,0.664
CNA,85,F,0.624,CNA_F85_89,0.624
CNA,90,M,0.8,CNA_M90_94,0.8
CNA,90,F,0.737,CNA_F90_94,0.737
CNA,95,M,0.896,CNA_M95_GT,0.896
CNA,95,F,0.742,CNA_F95_GT,0.742
CNA,95,M,0.896,CNA_M95_GT,0.896
CNA,95,F,0.742,CNA_F95_GT,0.742
CND,0,M,0.106,CND_M0_34,0.106
CND,0,F,0.238,CND_F0_34,0.238
CND,5,M,0.106,CND_M0_34,0.106
CND,5,F,0.238,CND_F0_34,0.238
CND,10,M,0.106,CND_M0_34,0.106
CND,10,F,0.238,CND_F0_34,0.238
CND,15,M,0.106,CND_M0_34,0.106
CND,15,F,0.238,CND_F0_34,0.238
CND,20,M,0.106,CND_M0_34,0.106
CND,20,F,0.238,CND_F0_34,0.238
CND,25,M,0.106,CND_M0_34,0.106
CND,25,F,0.238,CND_F0_34,0.238
CND,30,M,0.106,CND_M0_34,0.106
CND,30,F,0.238,CND_F0_34,0.238
CND,35,M,0.154,CND_M35_44,0.154
CND,35,F,0.288,CND_F35_44,0.288
CND,40,M,0.154,CND_M35_44,0.154
CND,40,F,0.288,CND_F35_44,0.288
CND,45,M,0.215,CND_M45_54,0.215
CND,45,F,0.34,CND_F45_54,0.34
CND,50,M,0.215,CND_M45_54,0.215
CND,50,F,0.34,CND_F45_54,0.34
CND,55,M,0.283,CND_M55_59,0.283
CND,55,F,0.385,CND_F55_59,0.385
CND,60,M,0.345,CND_M60_64,0.345
CND,60,F,0.436,CND_F60_64,0.436
CND,65,M,0.0,CND_OriginallyDisabled_Male,0.0
CND,65,F,0.0,CND_OriginallyDisabled_Female,0.0
CND,70,M,0.0,CND_OriginallyDisabled_Male,0.0
CND,70,F,0.0,CND_OriginallyDisabled_Female,0.0
CND,75,M,0.0,CND_OriginallyDisabled_Male,0.0
CND,75,F,0.0,CND_OriginallyDisabled_Female,0.0
CND,80,M,0.0,CND_OriginallyDisabled_Male,0.0
CND,80,F,0.0,CND_OriginallyDisabled_Female,0.0
CND,85,M,0.0,CND_OriginallyDisabled_Male,0.0
CND,85,F,0.0,CND_OriginallyDisabled_Female,0.0
CND,90,M,0.0,CND_OriginallyDisabled_Male,0.0
CND,90,F,0.0,CND_OriginallyDisabled_Female,0.0
CND,95,M,0.0,CND_OriginallyDisabled_Male,0.0
CND,95,F,0.0,CND_OriginallyDisabled_Female,0.0
CND,95,M,0.0,CND_OriginallyDisabled_Male,0.0
CND,95,F,0.0,CND_OriginallyDisabled_Female,0.0
CFA,65,M,0.531,CFA_M65_69,0.531
CFA,65,F,0.435,CFA_F65_69,0.435
CFA,70,M,0.626,CFA_M70_74,0.626
CFA,70,F,0.506,CFA_F70_74,0.506
CFA,75,M,0.714,CFA_M75_79,0.714
CFA,75,F,0.596,CFA_F75_79,0.596
CFA,80,M,0.789,CFA_M80_84,0.789
CFA,80,F,0.665,CFA_F80_84,0.665
CFA,85,M,0.907,CFA_M85_89,0.907
CFA,85,F,0.775,CFA_F85_89,0.775
CFA,90,M,0.993,CFA_M90_94,0.993
CFA,90,F,0.869,CFA_F90_94,0.869
CFA,95,M,1.058,CFA_M95_GT,1.058
CFA,95,F,0.877,CFA_F95_GT,0.877
CFA,95,M,1.058,CFA_M95_GT,1.058
CFA,95,F,0.877,CFA_F95_GT,0.877
CFD,0,M,0.191,CFD_M0_34,0.191
CFD,0,F,0.346,CFD_F0_34,0.346
CFD,5,M,0.191,CFD_M0_34,0.191
CFD,5,F,0.346,CFD_F0_34,0.346
CFD,10,M,0.191,CFD_M0_34,0.191
CFD,10,F,0.346,CFD_F0_34,0.346
CFD,15,M,0.191,CFD_M0_34,0.191
CFD,15,F,0.346,CFD_F0_34,0.346
CFD,20,M,0.191,CFD_M0_34,0.191
CFD,20,F,0.346,CFD_F0_34,0.346
CFD,25,M,0.191,CFD_M0_34,0.191
CFD,25,F,0.346,CFD_F0_34,0.346
CFD,30,M,0.191,CFD_M0_34,0.191
CFD,30,F,0.346,CFD_F0_34,0.346
CFD,35,M,0.204,CFD_M35_44,0.204
CFD,35,F,0.332,CFD_F35_44,0.332
CFD,40,M,0.204,CFD_M35_44,0.204
CFD,40,F,0.332,CFD_F35_44,0.332
CFD,45,M,0.293,CFD_M45_54,0.293
CFD,45,F,0.384,CFD_F45_54,0.384
CFD,50,M,0.293,CFD_M45_54,0.293
CFD,50,F,0.384,CFD_F45_54,0.384
CFD,55,M,0.41,CFD_M55_59,0.41
CFD,55,F,0.421,CFD_F55_59,0.421
CFD,60,M,0.504,CFD_M60_64,0.504
CFD,60,F,0.502,CFD_F60_64,0.502
CFD,65,M,0.0,CFD_OriginallyDisabled_Male,0.0
CFD,65,F,0.0,CFD_OriginallyDisabled_Female,0.0
CFD,70,M,0.0,CFD_OriginallyDisabled_Male,0.0
CFD,70,F,0.0,CFD_OriginallyDisabled_Female,0.0
CFD,75,M,0.0,CFD_OriginallyDisabled_Male,0.0
CFD,75,F,0.0,CFD_OriginallyDisabled_Female,0.0
CFD,80,M,0.0,CFD_OriginallyDisabled_Male,0.0
CFD,80,F,0.0,CFD_OriginallyDisabled_Female,0.0
CFD,85,M,0.0,CFD_OriginallyDisabled_Male,0.0
CFD,85,F,0.0,CFD_OriginallyDisabled_Female,0.0
CFD,90,M,0.0,CFD_OriginallyDisabled_Male,0.0
CFD,90,F,0.0,CFD_OriginallyDisabled_Female,0.0
CFD,95,M,0.0,CFD_OriginallyDisabled_Male,0.0
CFD,95,F,0.0,CFD_OriginallyDisabled_Female,0.0
CFD,95,M,0.0,CFD_OriginallyDisabled_Male,0.0
CFD,95,F,0.0,CFD_OriginallyDisabled_Female,0.0
CPA,65,M,0.375,CPA_M65_69,0.375
CPA,65,F,0.365,CPA_F65_69,0.365
CPA,70,M,0.417,CPA_M70_74,0.417
CPA,70,F,0.423,CPA_F70_74,0.423
CPA,75,M,0.498,CPA_M75_79,0.498
CPA,75,F,0.485,CPA_F75_79,0.485
CPA,80,M,0.565,CPA_M80_84,0.565
CPA,80,F,0.544,CPA_F80_84,0.544
CPA,85,M,0.615,CPA_M85_89,0.615
CPA,85,F,0.618,CPA_F85_89,0.618
CPA,90,M,0.712,CPA_M90_94,0.712
CPA,90,F,0.738,CPA_F90_94,0.738
CPA,95,M,0.904,CPA_M95_GT,0.904
CPA,95,F,0.835,CPA_F95_GT,0.835
CPA,95,M,0.904,CPA_M95_GT,0.904
CPA,95,F,0.835,CPA_F95_GT,0.835
CPD,0,M,0.306,CPD_M0_34,0.306
CPD,0,F,0.454,CPD_F0_34,0.454
CPD,5,M,0.306,CPD_M0_34,0.306
CPD,5,F,0.454,CPD_F0_34,0.454
CPD,10,M,0.306,CPD_M0_34,0.306
CPD,10,F,0.454,CPD_F0_34,0.454
CPD,15,M,0.306,CPD_M0_34,0.306
CPD,15,F,0.454,CPD_F0_34,0.454
CPD,20,M,0.306,CPD_M0_34,0.306
CPD,20,F,0.454,CPD_F0_34,0.454
CPD,25,M,0.306,CPD_M0_34,0.306
CPD,25,F,0.454,CPD_F0_34,0.454
CPD,30,M,0.306,CPD_M0_34,0.306
CPD,30,F,0.454,CPD_F0_34,0.454
CPD,35,M,0.261,CPD_M35_44,0.261
CPD,35,F,0.42,CPD_F35_44,0.42
CPD,40,M,0.261,CPD_M35_44,0.261
CPD,40,F,0.42,CPD_F35_44,0.42
CPD,45,M,0.3,CPD_M45_54,0.3
CPD,45,F,0.404,CPD_F45_54,0.404
CPD,50,M,0.3,CPD_M45_54,0.3
CPD,50,F,0.404,CPD_F45_54,0.404
CPD,55,M,0.353,CPD_M55_59,0.353
CPD,55,F,0.424,CPD_F55_59,0.424
CPD,60,M,0.374,CPD_M60_64,0.374
CPD,60,F,0.414,CPD_F60_64,0.414
CPD,65,M,0.0,CPD_OriginallyDisabled_Male,0.0
CPD,65,F,0.0,CPD_OriginallyDisabled_Female,0.0
CPD,70,M,0.0,CPD_OriginallyDisabled_Male,0.0
CPD,70,F,0.0,CPD_OriginallyDisabled_Female,0.0
CPD,75,M,0.0,CPD_OriginallyDisabled_Male,0.0
CPD,75,F,0.0,CPD_OriginallyDisabled_Female,0.0
CPD,80,M,0.0,CPD_OriginallyDisabled_Male,0.0
CPD,80,F,0.0,CPD_OriginallyDisabled_Female,0.0
CPD,85,M,0.0,CPD_OriginallyDisabled_Male,0.0
CPD,85,F,0.0,CPD_OriginallyDisabled_Female,0.0
CPD,90,M,0.0,CPD_OriginallyDisabled_Male,0.0
CPD,90,F,0.0,CPD_OriginallyDisabled_Female,0.0
CPD,95,M,0.0,CPD_OriginallyDisabled_Male,0.0
CPD,95,F,0.0,CPD_OriginallyDisabled_Female,0.0
CPD,95,M,0.0,CPD_OriginallyDisabled_Male,0.0
CPD,95,F,0.0,CPD_OriginallyDisabled_Female,0.0
INS,0,M,0.826,INS_M0_34,0.826
INS,0,F,0.948,INS_F0_34,0.948
INS,5,M,0.826,INS_M0_34,0.826
INS,5,F,0.948,INS_F0_34,0.948
INS,10,M,0.826,INS_M0_34,0.826
INS,10,F,0.948,INS_F0_34,0.948
INS,15,M,0.826,INS_M0_34,0.826
INS,15,F,0.948,INS_F0_34,0.948
INS,20,M,0.826,INS_M0_34,0.826
INS,20,F,0.948,INS_F0_34,0.948
INS,25,M,0.826,INS_M0_34,0.826
INS,25,F,0.948,INS_F0_34,0.948
INS,30,M,0.826,INS_M0_34,0.826
INS,30,F,0.948,INS_F0_34,0.948
INS,35,M,0.719,INS_M35_44,0.719
INS,35,F,0.81,INS_F35_44,0.81
INS,40,M,0.719,INS_M35_44,0.719
INS,40,F,0.81,INS_F35_44,0.81
INS,45,M,0.991,INS_M45_54,0.991
INS,45,F,1.031,INS_F45_54,1.031
INS,50,M,0.991,INS_M45_54,0.991
INS,50,F,1.031,INS_F45_54,1.031
INS,55,M,0.989,INS_M55_59,0.989
INS,55,F,0.949,INS_F55_59,0.949
INS,60,M,0.917,INS_M60_64,0.917
INS,60,F,0.881,INS_F60_64,0.881
INS,65,M,1.275,INS_M65_69,1.275
INS,65,F,1.188,INS_F65_69,1.188
INS,70,M,1.224,INS_M70_74,1.224
INS,70,F,1.119,INS_F70_74,1.119
INS,75,M,1.319,INS_M75_79,1.319
INS,75,F,0.965,INS_F75_79,0.965
INS,80,M,1.238,INS_M80_84,1.238
INS,80,F,0.862,INS_F80_84,0.862
INS,85,M,1.135,INS_M85_89,1.135
INS,85,F,0.75,INS_F85_89,0.75
INS,90,M,0.946,INS_M90_94,0.946
INS,90,F,0.627,INS_F90_94,0.627
INS,95,M,0.825,INS_M95_GT,0.825
INS,95,F,0.481,INS_F95_GT,0.481
INS,95,M,0.825,INS_M95_GT,0.825
INS,95,F,0.481,INS_F95_GT,0.481
