hcc_code,enrollment_segment,coefficient,detail_key,representative_icd
HCC1,CNA,0.301,CNA_HCC1,B20
HCC1,CND,0.213,CND_HCC1,B20
HCC1,CFA,0.397,CFA_HCC1,B20
HCC1,CFD,0.237,CFD_HCC1,B20
HCC1,CPA,0.196,CPA_HCC1,B20
HCC1,CPD,0.109,CPD_HCC1,B20
HCC1,INS,1.322,INS_HCC1,B20
HCC1,NE,0.0,NE_NMCAID_NORIGDIS_NE_HCC1,B20
HCC1,SNPNE,0.0,SNPNE_NMCAID_NORIGDIS_NE_HCC1,B20
HCC107,CNA,0.457,CNA_HCC107,D5700
HCC107,CND,1.449,CND_HCC107,D5700
HCC107,CFA,0.61,CFA_HCC107,D5700
HCC107,CFD,1.939,CFD_HCC107,D5700
HCC107,CPA,0.303,CPA_HCC107,D5700
HCC107,CPD,1.569,CPD_HCC107,D5700
HCC107,INS,0.692,INS_HCC107,D5700
HCC107,NE,0.0,NE_NMCAID_NORIGDIS_NE_HCC107,D5700
HCC107,SNPNE,0.0,SNPNE_NMCAID_NORIGDIS_NE_HCC107,D5700
HCC108,CNA,0.146,CNA_HCC108,D561
HCC108,CND,0.386,CND_HCC108,D561
HCC108,CFA,0.103,CFA_HCC108,D561
HCC108,CFD,0.408,CFD_HCC108,D561
HCC108,CPA,0.303,CPA_HCC108,D561
HCC108,CPD,0.416,CPD_HCC108,D561
HCC108,INS,0.098,INS_HCC108,D561
HCC108,NE,0.0,NE_NMCAID_NORIGDIS_NE_HCC108,D561
HCC108,SNPNE,0.0,SNPNE_NMCAID_NORIGDIS_NE_HCC108,D561
HCC109,CNA,1.144,CNA_HCC109,D5910
HCC109,CND,1.815,CND_HCC109,D5910
HCC109,CFA,1.048,CFA_HCC109,D5910
HCC109,CFD,1.541,CFD_HCC109,D5910
HCC109,CPA,1.009,CPA_HCC109,D5910
HCC109,CPD,1.514,CPD_HCC109,D5910
HCC109,INS,0.529,INS_HCC109,D5910
HCC109,NE,0.0,NE_NMCAID_NORIGDIS_NE_HCC109,D5910
HCC109,SNPNE,0.0,SNPNE_NMCAID_NORIGDIS_NE_HCC109,D5910
HCC111,CNA,4.639,CNA_HCC111,D66
HCC111,CND,30.706,CND_HCC111,D66
HCC111,CFA,15.539,CFA_HCC111,D66
HCC111,CFD,31.424,CFD_HCC111,D66
HCC111,CPA,11.201,CPA_HCC111,D66
HCC111,CPD,32.199,CPD_HCC111,D66
HCC111,INS,6.31,INS_HCC111,D66
HCC111,NE,0.0,NE_NMCAID_NORIGDIS_NE_HCC111,D66
HCC111,SNPNE,0.0,SNPNE_NMCAID_NORIGDIS_NE_HCC111,D66
HCC112,CNA,0.45,CNA_HCC112,D680
HCC112,CND,0.64,CND_HCC112,D680
HCC112,CFA,0.46,CFA_HCC112,D680
HCC112,CFD,0.634,CFD_HCC112,D680
HCC112,CPA,0.574,CPA_HCC112,D680
HCC112,CPD,0.708,CPD_HCC112,D680
HCC112,INS,0.516,INS_HCC112,D680
HCC112,NE,0.0,NE_NMCAID_NORIGDIS_NE_HCC112,D680
HCC112,SNPNE,0.0,SNPNE_NMCAID_NORIGDIS_NE_HCC112,D680
HCC114,CNA,2.262,CNA_HCC114,D810
HCC114,CND,2.598,CND_HCC114,D810
HCC114,CFA,2.016,CFA_HCC114,D810
HCC114,CFD,2.67,CFD_HCC114,D810
HCC114,CPA,2.137,CPA_HCC114,D810
HCC114,CPD,2.789,CPD_HCC114,D810
HCC114,INS,0.691,INS_HCC114,D810
HCC114,NE,0.0,NE_NMCAID_NORIGDIS_NE_HCC114,D810
HCC114,SNPNE,0.0,SNPNE_NMCAID_NORIGDIS_NE_HCC114,D810
HCC115,CNA,0.565,CNA_HCC115,D700
HCC115,CND,0.692,CND_HCC115,D700
HCC115,CFA,0.438,CFA_HCC115,D700
HCC115,CFD,0.498,CFD_HCC115,D700
HCC115,CPA,0.302,CPA_HCC115,D700
HCC115,CPD,0.613,CPD_HCC115,D700
HCC115,INS,0.691,INS_HCC115,D700
HCC115,NE,0.0,NE_NMCAID_NORIGDIS_NE_HCC115,D700
HCC115,SNPNE,0.0,SNPNE_NMCAID_NORIGDIS_NE_HCC115,D700
HCC125,CNA,0.341,CNA_HCC125,F01C0
HCC125,CND,0.296,CND_HCC125,F01C0
HCC125,CFA,0.438,CFA_HCC125,F01C0
HCC125,CFD,0.367,CFD_HCC125,F01C0
HCC125,CPA,0.401,CPA_HCC125,F01C0
HCC125,CPD,0.345,CPD_HCC125,F01C0
HCC125,INS,0.0,INS_HCC125,F01C0
HCC125,NE,0.0,NE_NMCAID_NORIGDIS_NE_HCC125,F01C0
HCC125,SNPNE,0.0,SNPNE_NMCAID_NORIGDIS_NE_HCC125,F01C0
HCC126,CNA,0.341,CNA_HCC126,F01B0
HCC126,CND,0.296,CND_HCC126,F01B0
HCC126,CFA,0.438,CFA_HCC126,F01B0
HCC126,CFD,0.367,CFD_HCC126,F01B0
HCC126,CPA,0.401,CPA_HCC126,F01B0
HCC126,CPD,0.345,CPD_HCC126,F01B0
HCC126,INS,0.0,INS_HCC126,F01B0
HCC126,NE,0.0,NE_NMCAID_NORIGDIS_NE_HCC126,F01B0
HCC126,SNPNE,0.0,SNPNE_NMCAID_NORIGDIS_NE_HCC126,F01B0
HCC127,CNA,0.341,CNA_HCC127,A8100
HCC127,CND,0.296,CND_HCC127,A8100
HCC127,CFA,0.438,CFA_HCC127,A8100
HCC127,CFD,0.367,CFD_HCC127,A8100
HCC127,CPA,0.401,CPA_HCC127,A8100
HCC127,CPD,0.345,CPD_HCC127,A8100
HCC127,INS,0.0,INS_HCC127,A8100
HCC127,NE,0.0,NE_NMCAID_NORIGDIS_NE_HCC127,A8100
HCC127,SNPNE,0.0,SNPNE_NMCAID_NORIGDIS_NE_HCC127,A8100
HCC135,CNA,0.424,CNA_HCC135,F11150
HCC135,CND,0.637,CND_HCC135,F11150
HCC135,CFA,0.702,CFA_HCC135,F11150
HCC135,CFD,1.181,CFD_HCC135,F11150
HCC135,CPA,0.522,CPA_HCC135,F11150
HCC135,CPD,0.922,CPD_HCC135,F11150
HCC135,INS,0.297,INS_HCC135,F11150
HCC135,NE,0.0,NE_NMCAID_NORIGDIS_NE_HCC135,F11150
HCC135,SNPNE,0.0,SNPNE_NMCAID_NORIGDIS_NE_HCC135,F11150
HCC136,CNA,0.424,CNA_HCC136,F10131
HCC136,CND,0.637,CND_HCC136,F10131
HCC136,CFA,0.502,CFA_HCC136,F10131
HCC136,CFD,1.181,CFD_HCC136,F10131
HCC136,CPA,0.522,CPA_HCC136,F10131
HCC136,CPD,0.922,CPD_HCC136,F10131
HCC136,INS,0.297,INS_HCC136,F10131
HCC136,NE,0.0,NE_NMCAID_NORIGDIS_NE_HCC136,F10131
HCC136,SNPNE,0.0,SNPNE_NMCAID_NORIGDIS_NE_HCC136,F10131
HCC137,CNA,0.424,CNA_HCC137,F11120
HCC137,CND,0.365,CND_HCC137,F11120
HCC137,CFA,0.502,CFA_HCC137,F11120
HCC137,CFD,0.471,CFD_HCC137,F11120
HCC137,CPA,0.394,CPA_HCC137,F11120
HCC137,CPD,0.348,CPD_HCC137,F11120
HCC137,INS,0.297,INS_HCC137,F11120
HCC137,NE,0.0,NE_NMCAID_NORIGDIS_NE_HCC137,F11120
HCC137,SNPNE,0.0,SNPNE_NMCAID_NORIGDIS_NE_HCC137,F11120
HCC138,CNA,0.423,CNA_HCC138,F1110
HCC138,CND,0.264,CND_HCC138,F1110
HCC138,CFA,0.502,CFA_HCC138,F1110
HCC138,CFD,0.384,CFD_HCC138,F1110
HCC138,CPA,0.355,CPA_HCC138,F1110
HCC138,CPD,0.348,CPD_HCC138,F1110
HCC138,INS,0.297,INS_HCC138,F1110
HCC138,NE,0.0,NE_NMCAID_NORIGDIS_NE_HCC138,F1110
HCC138,SNPNE,0.0,SNPNE_NMCAID_NORIGDIS_NE_HCC138,F1110
HCC139,CNA,0.242,CNA_HCC139,F10130
HCC139,CND,0.207,CND_HCC139,F10130
HCC139,CFA,0.478,CFA_HCC139,F10130
HCC139,CFD,0.25,CFD_HCC139,F10130
HCC139,CPA,0.308,CPA_HCC139,F10130
HCC139,CPD,0.159,CPD_HCC139,F10130
HCC139,INS,0.0,INS_HCC139,F10130
HCC139,NE,0.0,NE_NMCAID_NORIGDIS_NE_HCC139,F10130
HCC139,SNPNE,0.0,SNPNE_NMCAID_NORIGDIS_NE_HCC139,F10130
HCC151,CNA,0.511,CNA_HCC151,F200
HCC151,CND,0.38,CND_HCC151,F200
HCC151,CFA,0.591,CFA_HCC151,F200
HCC151,CFD,0.414,CFD_HCC151,F200
HCC151,CPA,0.501,CPA_HCC151,F200
HCC151,CPD,0.304,CPD_HCC151,F200
HCC151,INS,0.449,INS_HCC151,F200
HCC151,NE,0.0,NE_NMCAID_NORIGDIS_NE_HCC151,F200
HCC151,SNPNE,0.0,SNPNE_NMCAID_NORIGDIS_NE_HCC151,F200
HCC152,CNA,0.484,CNA_HCC152,F22
HCC152,CND,0.29,CND_HCC152,F22
HCC152,CFA,0.579,CFA_HCC152,F22
HCC152,CFD,0.255,CFD_HCC152,F22
HCC152,CPA,0.501,CPA_HCC152,F22
HCC152,CPD,0.247,CPD_HCC152,F22
HCC152,INS,0.208,INS_HCC152,F22
HCC152,NE,0.0,NE_NMCAID_NORIGDIS_NE_HCC152,F22
HCC152,SNPNE,0.0,SNPNE_NMCAID_NORIGDIS_NE_HCC152,F22
HCC153,CNA,0.396,CNA_HCC153,F21
HCC153,CND,0.29,CND_HCC153,F21
HCC153,CFA,0.42,CFA_HCC153,F21
HCC153,CFD,0.255,CFD_HCC153,F21
HCC153,CPA,0.464,CPA_HCC153,F21
HCC153,CPD,0.232,CPD_HCC153,F21
HCC153,INS,0.199,INS_HCC153,F21
HCC153,NE,0.0,NE_NMCAID_NORIGDIS_NE_HCC153,F21
HCC153,SNPNE,0.0,SNPNE_NMCAID_NORIGDIS_NE_HCC153,F21
HCC154,CNA,0.351,CNA_HCC154,F3010
HCC154,CND,0.166,CND_HCC154,F3010
HCC154,CFA,0.349,CFA_HCC154,F3010
HCC154,CFD,0.126,CFD_HCC154,F3010
HCC154,CPA,0.314,CPA_HCC154,F3010
HCC154,CPD,0.108,CPD_HCC154,F3010
HCC154,INS,0.199,INS_HCC154,F3010
HCC154,NE,0.0,NE_NMCAID_NORIGDIS_NE_HCC154,F3010
HCC154,SNPNE,0.0,SNPNE_NMCAID_NORIGDIS_NE_HCC154,F3010
HCC155,CNA,0.299,CNA_HCC155,F321
HCC155,CND,0.166,CND_HCC155,F321
HCC155,CFA,0.316,CFA_HCC155,F321
HCC155,CFD,0.126,CFD_HCC155,F321
HCC155,CPA,0.269,CPA_HCC155,F321
HCC155,CPD,0.108,CPD_HCC155,F321
HCC155,INS,0.199,INS_HCC155,F321
HCC155,NE,0.0,NE_NMCAID_NORIGDIS_NE_HCC155,F321
HCC155,SNPNE,0.0,SNPNE_NMCAID_NORIGDIS_NE_HCC155,F321
HCC17,CNA,4.209,CNA_HCC17,C771
HCC17,CND,3.995,CND_HCC17,C771
HCC17,CFA,3.896,CFA_HCC17,C771
HCC17,CFD,4.235,CFD_HCC17,C771
HCC17,CPA,3.946,CPA_HCC17,C771
HCC17,CPD,4.103,CPD_HCC17,C771
HCC17,INS,1.952,INS_HCC17,C771
HCC17,NE,0.0,NE_NMCAID_NORIGDIS_NE_HCC17,C771
HCC17,SNPNE,0.0,SNPNE_NMCAID_NORIGDIS_NE_HCC17,C771
HCC18,CNA,2.341,CNA_HCC18,C770
HCC18,CND,2.486,CND_HCC18,C770
HCC18,CFA,2.277,CFA_HCC18,C770
HCC18,CFD,2.537,CFD_HCC18,C770
HCC18,CPA,2.166,CPA_HCC18,C770
HCC18,CPD,2.403,CPD_HCC18,C770
HCC18,INS,1.11,INS_HCC18,C770
HCC18,NE,0.0,NE_NMCAID_NORIGDIS_NE_HCC18,C770
HCC18,SNPNE,0.0,SNPNE_NMCAID_NORIGDIS_NE_HCC18,C770
HCC180,CNA,1.125,CNA_HCC180,G8250
HCC180,CND,0.986,CND_HCC180,G8250
HCC180,CFA,1.068,CFA_HCC180,G8250
HCC180,CFD,1.095,CFD_HCC180,G8250
HCC180,CPA,1.311,CPA_HCC180,G8250
HCC180,CPD,1.399,CPD_HCC180,G8250
HCC180,INS,0.735,INS_HCC180,G8250
HCC180,NE,0.0,NE_NMCAID_NORIGDIS_NE_HCC180,G8250
HCC180,SNPNE,0.0,SNPNE_NMCAID_NORIGDIS_NE_HCC180,G8250
HCC181,CNA,0.942,CNA_HCC181,G8220
HCC181,CND,0.648,CND_HCC181,G8220
HCC181,CFA,0.859,CFA_HCC181,G8220
HCC181,CFD,0.832,CFD_HCC181,G8220
HCC181,CPA,0.883,CPA_HCC181,G8220
HCC181,CPD,0.852,CPD_HCC181,G8220
HCC181,INS,0.563,INS_HCC181,G8220
HCC181,NE,0.0,NE_NMCAID_NORIGDIS_NE_HCC181,G8220
HCC181,SNPNE,0.0,SNPNE_NMCAID_NORIGDIS_NE_HCC181,G8220
HCC182,CNA,0.478,CNA_HCC182,B0082
HCC182,CND,0.368,CND_HCC182,B0082
HCC182,CFA,0.402,CFA_HCC182,B0082
HCC182,CFD,0.308,CFD_HCC182,B0082
HCC182,CPA,0.401,CPA_HCC182,B0082
HCC182,CPD,0.316,CPD_HCC182,B0082
HCC182,INS,0.27,INS_HCC182,B0082
HCC182,NE,0.0,NE_NMCAID_NORIGDIS_NE_HCC182,B0082
HCC182,SNPNE,0.0,SNPNE_NMCAID_NORIGDIS_NE_HCC182,B0082
HCC19,CNA,1.798,CNA_HCC19,C450
HCC19,CND,1.989,CND_HCC19,C450
HCC19,CFA,1.563,CFA_HCC19,C450
HCC19,CFD,1.661,CFD_HCC19,C450
HCC19,CPA,1.52,CPA_HCC19,C450
HCC19,CPD,1.554,CPD_HCC19,C450
HCC19,INS,0.957,INS_HCC19,C450
HCC19,NE,0.0,NE_NMCAID_NORIGDIS_NE_HCC19,C450
HCC19,SNPNE,0.0,SNPNE_NMCAID_NORIGDIS_NE_HCC19,C450
HCC190,CNA,1.175,CNA_HCC190,G120
HCC190,CND,1.792,CND_HCC190,G120
HCC190,CFA,1.427,CFA_HCC190,G120
HCC190,CFD,3.642,CFD_HCC190,G120
HCC190,CPA,0.64,CPA_HCC190,G120
HCC190,CPD,1.243,CPD_HCC190,G120
HCC190,INS,0.628,INS_HCC190,G120
HCC190,NE,0.0,NE_NMCAID_NORIGDIS_NE_HCC190,G120
HCC190,SNPNE,0.0,SNPNE_NMCAID_NORIGDIS_NE_HCC190,G120
HCC191,CNA,0.855,CNA_HCC191,G800
HCC191,CND,0.743,CND_HCC191,G800
HCC191,CFA,0.393,CFA_HCC191,G800
HCC191,CFD,0.466,CFD_HCC191,G800
HCC191,CPA,0.84,CPA_HCC191,G800
HCC191,CPD,0.104,CPD_HCC191,G800
HCC191,INS,0.0,INS_HCC191,G800
HCC191,NE,0.0,NE_NMCAID_NORIGDIS_NE_HCC191,G800
HCC191,SNPNE,0.0,SNPNE_NMCAID_NORIGDIS_NE_HCC191,G800
HCC192,CNA,0.314,CNA_HCC192,G801
HCC192,CND,0.129,CND_HCC192,G801
HCC192,CFA,0.0,CFA_HCC192,G801
HCC192,CFD,0.067,CFD_HCC192,G801
HCC192,CPA,0.22,CPA_HCC192,G801
HCC192,CPD,0.104,CPD_HCC192,G801
HCC192,INS,0.0,INS_HCC192,G801
HCC192,NE,0.0,NE_NMCAID_NORIGDIS_NE_HCC192,G801
HCC192,SNPNE,0.0,SNPNE_NMCAID_NORIGDIS_NE_HCC192,G801
HCC193,CNA,1.692,CNA_HCC193,G6181
HCC193,CND,1.427,CND_HCC193,G6181
HCC193,CFA,0.957,CFA_HCC193,G6181
HCC193,CFD,0.939,CFD_HCC193,G6181
HCC193,CPA,1.149,CPA_HCC193,G6181
HCC193,CPD,0.85,CPD_HCC193,G6181
HCC193,INS,0.913,INS_HCC193,G6181
HCC193,NE,0.0,NE_NMCAID_NORIGDIS_NE_HCC193,G6181
HCC193,SNPNE,0.0,SNPNE_NMCAID_NORIGDIS_NE_HCC193,G6181
HCC195,CNA,2.909,CNA_HCC195,G7001
HCC195,CND,3.633,CND_HCC195,G7001
HCC195,CFA,2.153,CFA_HCC195,G7001
HCC195,CFD,3.323,CFD_HCC195,G7001
HCC195,CPA,2.69,CPA_HCC195,G7001
HCC195,CPD,1.779,CPD_HCC195,G7001
HCC195,INS,1.837,INS_HCC195,G7001
HCC195,NE,0.0,NE_NMCAID_NORIGDIS_NE_HCC195,G7001
HCC195,SNPNE,0.0,SNPNE_NMCAID_NORIGDIS_NE_HCC195,G7001
HCC196,CNA,0.516,CNA_HCC196,G7000
HCC196,CND,0.642,CND_HCC196,G7000
HCC196,CFA,0.503,CFA_HCC196,G7000
HCC196,CFD,0.507,CFD_HCC196,G7000
HCC196,CPA,0.427,CPA_HCC196,G7000
HCC196,CPD,0.248,CPD_HCC196,G7000
HCC196,INS,0.486,INS_HCC196,G7000
HCC196,NE,0.0,NE_NMCAID_NORIGDIS_NE_HCC196,G7000
HCC196,SNPNE,0.0,SNPNE_NMCAID_NORIGDIS_NE_HCC196,G7000
HCC197,CNA,0.426,CNA_HCC197,G7100
HCC197,CND,0.632,CND_HCC197,G7100
HCC197,CFA,0.369,CFA_HCC197,G7100
HCC197,CFD,0.681,CFD_HCC197,G7100
HCC197,CPA,0.162,CPA_HCC197,G7100
HCC197,CPD,0.145,CPD_HCC197,G7100
HCC197,INS,0.292,INS_HCC197,G7100
HCC197,NE,0.0,NE_NMCAID_NORIGDIS_NE_HCC197,G7100
HCC197,SNPNE,0.0,SNPNE_NMCAID_NORIGDIS_NE_HCC197,G7100
HCC198,CNA,0.647,CNA_HCC198,G35
HCC198,CND,0.908,CND_HCC198,G35
HCC198,CFA,0.791,CFA_HCC198,G35
HCC198,CFD,1.143,CFD_HCC198,G35
HCC198,CPA,0.569,CPA_HCC198,G35
HCC198,CPD,0.77,CPD_HCC198,G35
HCC198,INS,0.226,INS_HCC198,G35
HCC198,NE,0.0,NE_NMCAID_NORIGDIS_NE_HCC198,G35
HCC198,SNPNE,0.0,SNPNE_NMCAID_NORIGDIS_NE_HCC198,G35
HCC199,CNA,0.615,CNA_HCC199,G20
HCC199,CND,0.517,CND_HCC199,G20
HCC199,CFA,0.634,CFA_HCC199,G20
HCC199,CFD,0.504,CFD_HCC199,G20
HCC199,CPA,0.474,CPA_HCC199,G20
HCC199,CPD,0.354,CPD_HCC199,G20
HCC199,INS,0.219,INS_HCC199,G20
HCC199,NE,0.0,NE_NMCAID_NORIGDIS_NE_HCC199,G20
HCC199,SNPNE,0.0,SNPNE_NMCAID_NORIGDIS_NE_HCC199,G20
HCC2,CNA,0.5,CNA_HCC2,A021
HCC2,CND,0.598,CND_HCC2,A021
HCC2,CFA,0.649,CFA_HCC2,A021
HCC2,CFD,0.78,CFD_HCC2,A021
HCC2,CPA,0.447,CPA_HCC2,A021
HCC2,CPD,0.591,CPD_HCC2,A021
HCC2,INS,0.605,INS_HCC2,A021
HCC2,NE,0.0,NE_NMCAID_NORIGDIS_NE_HCC2,A021
HCC2,SNPNE,0.0,SNPNE_NMCAID_NORIGDIS_NE_HCC2,A021
HCC20,CNA,1.136,CNA_HCC20,C153
HCC20,CND,0.978,CND_HCC20,C153
HCC20,CFA,1.166,CFA_HCC20,C153
HCC20,CFD,1.173,CFD_HCC20,C153
HCC20,CPA,1.214,CPA_HCC20,C153
HCC20,CPD,1.067,CPD_HCC20,C153
HCC20,INS,0.672,INS_HCC20,C153
HCC20,NE,0.0,NE_NMCAID_NORIGDIS_NE_HCC20,C153
HCC20,SNPNE,0.0,SNPNE_NMCAID_NORIGDIS_NE_HCC20,C153
HCC200,CNA,0.279,CNA_HCC200,G10
HCC200,CND,0.208,CND_HCC200,G10
HCC200,CFA,0.165,CFA_HCC200,G10
HCC200,CFD,0.281,CFD_HCC200,G10
HCC200,CPA,0.05,CPA_HCC200,G10
HCC200,CPD,0.428,CPD_HCC200,G10
HCC200,INS,0.0,INS_HCC200,G10
HCC200,NE,0.0,NE_NMCAID_NORIGDIS_NE_HCC200,G10
HCC200,SNPNE,0.0,SNPNE_NMCAID_NORIGDIS_NE_HCC200,G10
HCC201,CNA,0.245,CNA_HCC201,G40001
HCC201,CND,0.196,CND_HCC201,G40001
HCC201,CFA,0.233,CFA_HCC201,G40001
HCC201,CFD,0.17,CFD_HCC201,G40001
HCC201,CPA,0.245,CPA_HCC201,G40001
HCC201,CPD,0.202,CPD_HCC201,G40001
HCC201,INS,0.131,INS_HCC201,G40001
HCC201,NE,0.0,NE_NMCAID_NORIGDIS_NE_HCC201,G40001
HCC201,SNPNE,0.0,SNPNE_NMCAID_NORIGDIS_NE_HCC201,G40001
HCC202,CNA,0.543,CNA_HCC202,E035
HCC202,CND,0.238,CND_HCC202,E035
HCC202,CFA,0.721,CFA_HCC202,E035
HCC202,CFD,0.279,CFD_HCC202,E035
HCC202,CPA,0.549,CPA_HCC202,E035
HCC202,CPD,0.309,CPD_HCC202,E035
HCC202,INS,0.097,INS_HCC202,E035
HCC202,NE,0.0,NE_NMCAID_NORIGDIS_NE_HCC202,E035
HCC202,SNPNE,0.0,SNPNE_NMCAID_NORIGDIS_NE_HCC202,E035
HCC21,CNA,0.671,CNA_HCC21,C01
HCC21,CND,0.54,CND_HCC21,C01
HCC21,CFA,0.654,CFA_HCC21,C01
HCC21,CFD,0.739,CFD_HCC21,C01
HCC21,CPA,0.627,CPA_HCC21,C01
HCC21,CPD,0.618,CPD_HCC21,C01
HCC21,INS,0.493,INS_HCC21,C01
HCC21,NE,0.0,NE_NMCAID_NORIGDIS_NE_HCC21,C01
HCC21,SNPNE,0.0,SNPNE_NMCAID_NORIGDIS_NE_HCC21,C01
HCC211,CNA,0.879,CNA_HCC211,J9500
HCC211,CND,0.878,CND_HCC211,J9500
HCC211,CFA,1.981,CFA_HCC211,J9500
HCC211,CFD,1.418,CFD_HCC211,J9500
HCC211,CPA,1.022,CPA_HCC211,J9500
HCC211,CPD,0.59,CPD_HCC211,J9500
HCC211,INS,1.57,INS_HCC211,J9500
HCC211,NE,0.0,NE_NMCAID_NORIGDIS_NE_HCC211,J9500
HCC211,SNPNE,0.0,SNPNE_NMCAID_NORIGDIS_NE_HCC211,J9500
HCC212,CNA,0.37,CNA_HCC212,P2881
HCC212,CND,0.51,CND_HCC212,P2881
HCC212,CFA,0.573,CFA_HCC212,P2881
HCC212,CFD,0.662,CFD_HCC212,P2881
HCC212,CPA,0.409,CPA_HCC212,P2881
HCC212,CPD,0.493,CPD_HCC212,P2881
HCC212,INS,0.258,INS_HCC212,P2881
HCC212,NE,0.0,NE_NMCAID_NORIGDIS_NE_HCC212,P2881
HCC212,SNPNE,0.0,SNPNE_NMCAID_NORIGDIS_NE_HCC212,P2881
HCC213,CNA,0.37,CNA_HCC213,I462
HCC213,CND,0.51,CND_HCC213,I462
HCC213,CFA,0.573,CFA_HCC213,I462
HCC213,CFD,0.662,CFD_HCC213,I462
HCC213,CPA,0.409,CPA_HCC213,I462
HCC213,CPD,0.493,CPD_HCC213,I462
HCC213,INS,0.258,INS_HCC213,I462
HCC213,NE,0.0,NE_NMCAID_NORIGDIS_NE_HCC213,I462
HCC213,SNPNE,0.0,SNPNE_NMCAID_NORIGDIS_NE_HCC213,I462
HCC22,CNA,0.363,CNA_HCC22,C180
HCC22,CND,0.366,CND_HCC22,C180
HCC22,CFA,0.382,CFA_HCC22,C180
HCC22,CFD,0.409,CFD_HCC22,C180
HCC22,CPA,0.41,CPA_HCC22,C180
HCC22,CPD,0.351,CPD_HCC22,C180
HCC22,INS,0.314,INS_HCC22,C180
HCC22,NE,0.0,NE_NMCAID_NORIGDIS_NE_HCC22,C180
HCC22,SNPNE,0.0,SNPNE_NMCAID_NORIGDIS_NE_HCC22,C180
HCC221,CNA,1.053,CNA_HCC221,T8620
HCC221,CND,0.999,CND_HCC221,T8620
HCC221,CFA,1.412,CFA_HCC221,T8620
HCC221,CFD,1.781,CFD_HCC221,T8620
HCC221,CPA,0.88,CPA_HCC221,T8620
HCC221,CPD,1.371,CPD_HCC221,T8620
HCC221,INS,0.84,INS_HCC221,T8620
HCC221,NE,0.0,NE_NMCAID_NORIGDIS_NE_HCC221,T8620
HCC221,SNPNE,0.0,SNPNE_NMCAID_NORIGDIS_NE_HCC221,T8620
HCC222,CNA,2.505,CNA_HCC222,I5084
HCC222,CND,5.77,CND_HCC222,I5084
HCC222,CFA,2.927,CFA_HCC222,I5084
HCC222,CFD,6.612,CFD_HCC222,I5084
HCC222,CPA,3.009,CPA_HCC222,I5084
HCC222,CPD,6.106,CPD_HCC222,I5084
HCC222,INS,0.826,INS_HCC222,I5084
HCC222,NE,0.0,NE_NMCAID_NORIGDIS_NE_HCC222,I5084
HCC222,SNPNE,0.0,SNPNE_NMCAID_NORIGDIS_NE_HCC222,I5084
HCC224,CNA,0.36,CNA_HCC224,I5023
HCC224,CND,0.442,CND_HCC224,I5023
HCC224,CFA,0.406,CFA_HCC224,I5023
HCC224,CFD,0.537,CFD_HCC224,I5023
HCC224,CPA,0.311,CPA_HCC224,I5023
HCC224,CPD,0.411,CPD_HCC224,I5023
HCC224,INS,0.217,INS_HCC224,I5023
HCC224,NE,0.0,NE_NMCAID_NORIGDIS_NE_HCC224,I5023
HCC224,SNPNE,0.0,SNPNE_NMCAID_NORIGDIS_NE_HCC224,I5023
HCC225,CNA,0.36,CNA_HCC225,I5021
HCC225,CND,0.442,CND_HCC225,I5021
HCC225,CFA,0.406,CFA_HCC225,I5021
HCC225,CFD,0.537,CFD_HCC225,I5021
HCC225,CPA,0.311,CPA_HCC225,I5021
HCC225,CPD,0.411,CPD_HCC225,I5021
HCC225,INS,0.217,INS_HCC225,I5021
HCC225,NE,0.0,NE_NMCAID_NORIGDIS_NE_HCC225,I5021
HCC225,SNPNE,0.0,SNPNE_NMCAID_NORIGDIS_NE_HCC225,I5021
HCC226,CNA,0.36,CNA_HCC226,I0981
HCC226,CND,0.442,CND_HCC226,I0981
HCC226,CFA,0.406,CFA_HCC226,I0981
HCC226,CFD,0.537,CFD_HCC226,I0981
HCC226,CPA,0.311,CPA_HCC226,I0981
HCC226,CPD,0.411,CPD_HCC226,I0981
HCC226,INS,0.217,INS_HCC226,I0981
HCC226,NE,0.0,NE_NMCAID_NORIGDIS_NE_HCC226,I0981
HCC226,SNPNE,0.0,SNPNE_NMCAID_NORIGDIS_NE_HCC226,I0981
HCC227,CNA,0.189,CNA_HCC227,A3681
HCC227,CND,0.2,CND_HCC227,A3681
HCC227,CFA,0.173,CFA_HCC227,A3681
HCC227,CFD,0.198,CFD_HCC227,A3681
HCC227,CPA,0.145,CPA_HCC227,A3681
HCC227,CPD,0.186,CPD_HCC227,A3681
HCC227,INS,0.189,INS_HCC227,A3681
HCC227,NE,0.0,NE_NMCAID_NORIGDIS_NE_HCC227,A3681
HCC227,SNPNE,0.0,SNPNE_NMCAID_NORIGDIS_NE_HCC227,A3681
HCC228,CNA,0.252,CNA_HCC228,I2101
HCC228,CND,0.254,CND_HCC228,I2101
HCC228,CFA,0.493,CFA_HCC228,I2101
HCC228,CFD,0.517,CFD_HCC228,I2101
HCC228,CPA,0.324,CPA_HCC228,I2101
HCC228,CPD,0.407,CPD_HCC228,I2101
HCC228,INS,0.31,INS_HCC228,I2101
HCC228,NE,0.0,NE_NMCAID_NORIGDIS_NE_HCC228,I2101
HCC228,SNPNE,0.0,SNPNE_NMCAID_NORIGDIS_NE_HCC228,I2101
HCC229,CNA,0.24,CNA_HCC229,I200
HCC229,CND,0.254,CND_HCC229,I200
HCC229,CFA,0.325,CFA_HCC229,I200
HCC229,CFD,0.458,CFD_HCC229,I200
HCC229,CPA,0.278,CPA_HCC229,I200
HCC229,CPD,0.315,CPD_HCC229,I200
HCC229,INS,0.31,INS_HCC229,I200
HCC229,NE,0.0,NE_NMCAID_NORIGDIS_NE_HCC229,I200
HCC229,SNPNE,0.0,SNPNE_NMCAID_NORIGDIS_NE_HCC229,I200
HCC23,CNA,0.186,CNA_HCC23,C430
HCC23,CND,0.233,CND_HCC23,C430
HCC23,CFA,0.196,CFA_HCC23,C430
HCC23,CFD,0.218,CFD_HCC23,C430
HCC23,CPA,0.203,CPA_HCC23,C430
HCC23,CPD,0.237,CPD_HCC23,C430
HCC23,INS,0.197,INS_HCC23,C430
HCC23,NE,0.0,NE_NMCAID_NORIGDIS_NE_HCC23,C430
HCC23,SNPNE,0.0,SNPNE_NMCAID_NORIGDIS_NE_HCC23,C430
HCC238,CNA,0.299,CNA_HCC238,I442
HCC238,CND,0.296,CND_HCC238,I442
HCC238,CFA,0.407,CFA_HCC238,I442
HCC238,CFD,0.304,CFD_HCC238,I442
HCC238,CPA,0.293,CPA_HCC238,I442
HCC238,CPD,0.261,CPD_HCC238,I442
HCC238,INS,0.245,INS_HCC238,I442
HCC238,NE,0.0,NE_NMCAID_NORIGDIS_NE_HCC238,I442
HCC238,SNPNE,0.0,SNPNE_NMCAID_NORIGDIS_NE_HCC238,I442
HCC248,CNA,0.239,CNA_HCC248,I6000
HCC248,CND,0.18,CND_HCC248,I6000
HCC248,CFA,0.377,CFA_HCC248,I6000
HCC248,CFD,0.332,CFD_HCC248,I6000
HCC248,CPA,0.313,CPA_HCC248,I6000
HCC248,CPD,0.183,CPD_HCC248,I6000
HCC248,INS,0.081,INS_HCC248,I6000
HCC248,NE,0.0,NE_NMCAID_NORIGDIS_NE_HCC248,I6000
HCC248,SNPNE,0.0,SNPNE_NMCAID_NORIGDIS_NE_HCC248,I6000
HCC249,CNA,0.239,CNA_HCC249,I6300
HCC249,CND,0.18,CND_HCC249,I6300
HCC249,CFA,0.377,CFA_HCC249,I6300
HCC249,CFD,0.277,CFD_HCC249,I6300
HCC249,CPA,0.299,CPA_HCC249,I6300
HCC249,CPD,0.172,CPD_HCC249,I6300
HCC249,INS,0.081,INS_HCC249,I6300
HCC249,NE,0.0,NE_NMCAID_NORIGDIS_NE_HCC249,I6300
HCC249,SNPNE,0.0,SNPNE_NMCAID_NORIGDIS_NE_HCC249,I6300
HCC253,CNA,0.387,CNA_HCC253,G8100
HCC253,CND,0.32,CND_HCC253,G8100
HCC253,CFA,0.437,CFA_HCC253,G8100
HCC253,CFD,0.39,CFD_HCC253,G8100
HCC253,CPA,0.437,CPA_HCC253,G8100
HCC253,CPD,0.403,CPD_HCC253,G8100
HCC253,INS,0.0,INS_HCC253,G8100
HCC253,NE,0.0,NE_NMCAID_NORIGDIS_NE_HCC253,G8100
HCC253,SNPNE,0.0,SNPNE_NMCAID_NORIGDIS_NE_HCC253,G8100
HCC254,CNA,0.321,CNA_HCC254,G830
HCC254,CND,0.172,CND_HCC254,G830
HCC254,CFA,0.292,CFA_HCC254,G830
HCC254,CFD,0.365,CFD_HCC254,G830
HCC254,CPA,0.29,CPA_HCC254,G830
HCC254,CPD,0.335,CPD_HCC254,G830
HCC254,INS,0.0,INS_HCC254,G830
HCC254,NE,0.0,NE_NMCAID_NORIGDIS_NE_HCC254,G830
HCC254,SNPNE,0.0,SNPNE_NMCAID_NORIGDIS_NE_HCC254,G830
HCC263,CNA,1.118,CNA_HCC263,A480
HCC263,CND,1.066,CND_HCC263,A480
HCC263,CFA,1.432,CFA_HCC263,A480
HCC263,CFD,1.276,CFD_HCC263,A480
HCC263,CPA,1.007,CPA_HCC263,A480
HCC263,CPD,1.056,CPD_HCC263,A480
HCC263,INS,0.696,INS_HCC263,A480
HCC263,NE,0.0,NE_NMCAID_NORIGDIS_NE_HCC263,A480
HCC263,SNPNE,0.0,SNPNE_NMCAID_NORIGDIS_NE_HCC263,A480
HCC264,CNA,0.455,CNA_HCC264,I70221
HCC264,CND,0.52,CND_HCC264,I70221
HCC264,CFA,0.498,CFA_HCC264,I70221
HCC264,CFD,0.461,CFD_HCC264,I70221
HCC264,CPA,0.513,CPA_HCC264,I70221
HCC264,CPD,0.622,CPD_HCC264,I70221
HCC264,INS,0.338,INS_HCC264,I70221
HCC264,NE,0.0,NE_NMCAID_NORIGDIS_NE_HCC264,I70221
HCC264,SNPNE,0.0,SNPNE_NMCAID_NORIGDIS_NE_HCC264,I70221
HCC267,CNA,0.294,CNA_HCC267,I2601
HCC267,CND,0.431,CND_HCC267,I2601
HCC267,CFA,0.445,CFA_HCC267,I2601
HCC267,CFD,0.568,CFD_HCC267,I2601
HCC267,CPA,0.338,CPA_HCC267,I2601
HCC267,CPD,0.498,CPD_HCC267,I2601
HCC267,INS,0.245,INS_HCC267,I2601
HCC267,NE,0.0,NE_NMCAID_NORIGDIS_NE_HCC267,I2601
HCC267,SNPNE,0.0,SNPNE_NMCAID_NORIGDIS_NE_HCC267,I2601
HCC276,CNA,2.531,CNA_HCC276,T8630
HCC276,CND,1.583,CND_HCC276,T8630
HCC276,CFA,2.21,CFA_HCC276,T8630
HCC276,CFD,2.292,CFD_HCC276,T8630
HCC276,CPA,2.961,CPA_HCC276,T8630
HCC276,CPD,1.277,CPD_HCC276,T8630
HCC276,INS,3.085,INS_HCC276,T8630
HCC276,NE,0.0,NE_NMCAID_NORIGDIS_NE_HCC276,T8630
HCC276,SNPNE,0.0,SNPNE_NMCAID_NORIGDIS_NE_HCC276,T8630
HCC277,CNA,0.998,CNA_HCC277,E840
HCC277,CND,2.818,CND_HCC277,E840
HCC277,CFA,1.34,CFA_HCC277,E840
HCC277,CFD,3.76,CFD_HCC277,E840
HCC277,CPA,0.65,CPA_HCC277,E840
HCC277,CPD,3.829,CPD_HCC277,E840
HCC277,INS,0.873,INS_HCC277,E840
HCC277,NE,0.0,NE_NMCAID_NORIGDIS_NE_HCC277,E840
HCC277,SNPNE,0.0,SNPNE_NMCAID_NORIGDIS_NE_HCC277,E840
HCC278,CNA,0.818,CNA_HCC278,J84112
HCC278,CND,1.209,CND_HCC278,J84112
HCC278,CFA,0.791,CFA_HCC278,J84112
HCC278,CFD,1.64,CFD_HCC278,J84112
HCC278,CPA,0.65,CPA_HCC278,J84112
HCC278,CPD,0.937,CPD_HCC278,J84112
HCC278,INS,0.873,INS_HCC278,J84112
HCC278,NE,0.0,NE_NMCAID_NORIGDIS_NE_HCC278,J84112
HCC278,SNPNE,0.0,SNPNE_NMCAID_NORIGDIS_NE_HCC278,J84112
HCC279,CNA,0.818,CNA_HCC279,J4550
HCC279,CND,0.842,CND_HCC279,J4550
HCC279,CFA,0.594,CFA_HCC279,J4550
HCC279,CFD,0.808,CFD_HCC279,J4550
HCC279,CPA,0.65,CPA_HCC279,J4550
HCC279,CPD,0.804,CPD_HCC279,J4550
HCC279,INS,0.873,INS_HCC279,J4550
HCC279,NE,0.0,NE_NMCAID_NORIGDIS_NE_HCC279,J4550
HCC279,SNPNE,0.0,SNPNE_NMCAID_NORIGDIS_NE_HCC279,J4550
HCC280,CNA,0.319,CNA_HCC280,B4481
HCC280,CND,0.209,CND_HCC280,B4481
HCC280,CFA,0.39,CFA_HCC280,B4481
HCC280,CFD,0.281,CFD_HCC280,B4481
HCC280,CPA,0.321,CPA_HCC280,B4481
HCC280,CPD,0.234,CPD_HCC280,B4481
HCC280,INS,0.312,INS_HCC280,B4481
HCC280,NE,0.0,NE_NMCAID_NORIGDIS_NE_HCC280,B4481
HCC280,SNPNE,0.0,SNPNE_NMCAID_NORIGDIS_NE_HCC280,B4481
HCC282,CNA,0.44,CNA_HCC282,A481
HCC282,CND,0.362,CND_HCC282,A481
HCC282,CFA,0.538,CFA_HCC282,A481
HCC282,CFD,0.269,CFD_HCC282,A481
HCC282,CPA,0.409,CPA_HCC282,A481
HCC282,CPD,0.173,CPD_HCC282,A481
HCC282,INS,0.353,INS_HCC282,A481
HCC282,NE,0.0,NE_NMCAID_NORIGDIS_NE_HCC282,A481
HCC282,SNPNE,0.0,SNPNE_NMCAID_NORIGDIS_NE_HCC282,A481
HCC283,CNA,0.204,CNA_HCC283,A065
HCC283,CND,0.0,CND_HCC283,A065
HCC283,CFA,0.131,CFA_HCC283,A065
HCC283,CFD,0.074,CFD_HCC283,A065
HCC283,CPA,0.0,CPA_HCC283,A065
HCC283,CPD,0.0,CPD_HCC283,A065
HCC283,INS,0.0,INS_HCC283,A065
HCC283,NE,0.0,NE_NMCAID_NORIGDIS_NE_HCC283,A065
HCC283,SNPNE,0.0,SNPNE_NMCAID_NORIGDIS_NE_HCC283,A065
HCC298,CNA,0.336,CNA_HCC298,E08311
HCC298,CND,0.364,CND_HCC298,E08311
HCC298,CFA,0.323,CFA_HCC298,E08311
HCC298,CFD,0.319,CFD_HCC298,E08311
HCC298,CPA,0.327,CPA_HCC298,E08311
HCC298,CPD,0.301,CPD_HCC298,E08311
HCC298,INS,0.545,INS_HCC298,E08311
HCC298,NE,0.0,NE_NMCAID_NORIGDIS_NE_HCC298,E08311
HCC298,SNPNE,0.0,SNPNE_NMCAID_NORIGDIS_NE_HCC298,E08311
HCC300,CNA,0.596,CNA_HCC300,H353210
HCC300,CND,0.366,CND_HCC300,H353210
HCC300,CFA,0.37,CFA_HCC300,H353210
HCC300,CFD,0.255,CFD_HCC300,H353210
HCC300,CPA,0.459,CPA_HCC300,H353210
HCC300,CPD,0.38,CPD_HCC300,H353210
HCC300,INS,0.196,INS_HCC300,H353210
HCC300,NE,0.0,NE_NMCAID_NORIGDIS_NE_HCC300,H353210
HCC300,SNPNE,0.0,SNPNE_NMCAID_NORIGDIS_NE_HCC300,H353210
HCC326,CNA,0.815,CNA_HCC326,I120
HCC326,CND,0.927,CND_HCC326,I120
HCC326,CFA,0.985,CFA_HCC326,I120
HCC326,CFD,0.946,CFD_HCC326,I120
HCC326,CPA,0.965,CPA_HCC326,I120
HCC326,CPD,1.05,CPD_HCC326,I120
HCC326,INS,0.958,INS_HCC326,I120
HCC326,NE,0.0,NE_NMCAID_NORIGDIS_NE_HCC326,I120
HCC326,SNPNE,0.0,SNPNE_NMCAID_NORIGDIS_NE_HCC326,I120
HCC327,CNA,0.514,CNA_HCC327,N184
HCC327,CND,0.523,CND_HCC327,N184
HCC327,CFA,0.565,CFA_HCC327,N184
HCC327,CFD,0.661,CFD_HCC327,N184
HCC327,CPA,0.484,CPA_HCC327,N184
HCC327,CPD,0.447,CPD_HCC327,N184
HCC327,INS,0.462,INS_HCC327,N184
HCC327,NE,0.0,NE_NMCAID_NORIGDIS_NE_HCC327,N184
HCC327,SNPNE,0.0,SNPNE_NMCAID_NORIGDIS_NE_HCC327,N184
HCC328,CNA,0.127,CNA_HCC328,N1832
HCC328,CND,0.179,CND_HCC328,N1832
HCC328,CFA,0.116,CFA_HCC328,N1832
HCC328,CFD,0.181,CFD_HCC328,N1832
HCC328,CPA,0.14,CPA_HCC328,N1832
HCC328,CPD,0.178,CPD_HCC328,N1832
HCC328,INS,0.145,INS_HCC328,N1832
HCC328,NE,0.0,NE_NMCAID_NORIGDIS_NE_HCC328,N1832
HCC328,SNPNE,0.0,SNPNE_NMCAID_NORIGDIS_NE_HCC328,N1832
HCC329,CNA,0.127,CNA_HCC329,N1830
HCC329,CND,0.179,CND_HCC329,N1830
HCC329,CFA,0.116,CFA_HCC329,N1830
HCC329,CFD,0.181,CFD_HCC329,N1830
HCC329,CPA,0.14,CPA_HCC329,N1830
HCC329,CPD,0.178,CPD_HCC329,N1830
HCC329,INS,0.145,INS_HCC329,N1830
HCC329,NE,0.0,NE_NMCAID_NORIGDIS_NE_HCC329,N1830
HCC329,SNPNE,0.0,SNPNE_NMCAID_NORIGDIS_NE_HCC329,N1830
HCC35,CNA,0.949,CNA_HCC35,Z9483
HCC35,CND,1.393,CND_HCC35,Z9483
HCC35,CFA,1.117,CFA_HCC35,Z9483
HCC35,CFD,0.573,CFD_HCC35,Z9483
HCC35,CPA,1.117,CPA_HCC35,Z9483
HCC35,CPD,2.74,CPD_HCC35,Z9483
HCC35,INS,1.106,INS_HCC35,Z9483
HCC35,NE,0.0,NE_NMCAID_NORIGDIS_NE_HCC35,Z9483
HCC35,SNPNE,0.0,SNPNE_NMCAID_NORIGDIS_NE_HCC35,Z9483
HCC36,CNA,0.166,CNA_HCC36,E0800
HCC36,CND,0.191,CND_HCC36,E0800
HCC36,CFA,0.186,CFA_HCC36,E0800
HCC36,CFD,0.235,CFD_HCC36,E0800
HCC36,CPA,0.166,CPA_HCC36,E0800
HCC36,CPD,0.21,CPD_HCC36,E0800
HCC36,INS,0.28,INS_HCC36,E0800
HCC36,NE,0.0,NE_NMCAID_NORIGDIS_NE_HCC36,E0800
HCC36,SNPNE,0.0,SNPNE_NMCAID_NORIGDIS_NE_HCC36,E0800
HCC37,CNA,0.166,CNA_HCC37,E0821
HCC37,CND,0.191,CND_HCC37,E0821
HCC37,CFA,0.186,CFA_HCC37,E0821
HCC37,CFD,0.235,CFD_HCC37,E0821
HCC37,CPA,0.166,CPA_HCC37,E0821
HCC37,CPD,0.21,CPD_HCC37,E0821
HCC37,INS,0.28,INS_HCC37,E0821
HCC37,NE,0.0,NE_NMCAID_NORIGDIS_NE_HCC37,E0821
HCC37,SNPNE,0.0,SNPNE_NMCAID_NORIGDIS_NE_HCC37,E0821
HCC379,CNA,1.965,CNA_HCC379,L89004
HCC379,CND,2.14,CND_HCC379,L89004
HCC379,CFA,2.58,CFA_HCC379,L89004
HCC379,CFD,2.57,CFD_HCC379,L89004
HCC379,CPA,2.349,CPA_HCC379,L89004
HCC379,CPD,2.349,CPD_HCC379,L89004
HCC379,INS,1.42,INS_HCC379,L89004
HCC379,NE,0.0,NE_NMCAID_NORIGDIS_NE_HCC379,L89004
HCC379,SNPNE,0.0,SNPNE_NMCAID_NORIGDIS_NE_HCC379,L89004
HCC38,CNA,0.166,CNA_HCC38,E08649
HCC38,CND,0.191,CND_HCC38,E08649
HCC38,CFA,0.186,CFA_HCC38,E08649
HCC38,CFD,0.235,CFD_HCC38,E08649
HCC38,CPA,0.166,CPA_HCC38,E08649
HCC38,CPD,0.21,CPD_HCC38,E08649
HCC38,INS,0.28,INS_HCC38,E08649
HCC38,NE,0.0,NE_NMCAID_NORIGDIS_NE_HCC38,E08649
HCC38,SNPNE,0.0,SNPNE_NMCAID_NORIGDIS_NE_HCC38,E08649
HCC380,CNA,1.078,CNA_HCC380,L97103
HCC380,CND,1.091,CND_HCC380,L97103
HCC380,CFA,1.422,CFA_HCC380,L97103
HCC380,CFD,1.285,CFD_HCC380,L97103
HCC380,CPA,1.268,CPA_HCC380,L97103
HCC380,CPD,1.378,CPD_HCC380,L97103
HCC380,INS,0.839,INS_HCC380,L97103
HCC380,NE,0.0,NE_NMCAID_NORIGDIS_NE_HCC380,L97103
HCC380,SNPNE,0.0,SNPNE_NMCAID_NORIGDIS_NE_HCC380,L97103
HCC381,CNA,1.075,CNA_HCC381,L89000
HCC381,CND,1.091,CND_HCC381,L89000
HCC381,CFA,1.379,CFA_HCC381,L89000
HCC381,CFD,1.192,CFD_HCC381,L89000
HCC381,CPA,1.136,CPA_HCC381,L89000
HCC381,CPD,1.089,CPD_HCC381,L89000
HCC381,INS,0.423,INS_HCC381,L89000
HCC381,NE,0.0,NE_NMCAID_NORIGDIS_NE_HCC381,L89000
HCC381,SNPNE,0.0,SNPNE_NMCAID_NORIGDIS_NE_HCC381,L89000
HCC382,CNA,0.838,CNA_HCC382,L89002
HCC382,CND,0.994,CND_HCC382,L89002
HCC382,CFA,1.029,CFA_HCC382,L89002
HCC382,CFD,0.935,CFD_HCC382,L89002
HCC382,CPA,0.845,CPA_HCC382,L89002
HCC382,CPD,0.937,CPD_HCC382,L89002
HCC382,INS,0.343,INS_HCC382,L89002
HCC382,NE,0.0,NE_NMCAID_NORIGDIS_NE_HCC382,L89002
HCC382,SNPNE,0.0,SNPNE_NMCAID_NORIGDIS_NE_HCC382,L89002
HCC383,CNA,0.646,CNA_HCC383,E08621
HCC383,CND,0.707,CND_HCC383,E08621
HCC383,CFA,0.89,CFA_HCC383,E08621
HCC383,CFD,0.707,CFD_HCC383,E08621
HCC383,CPA,0.66,CPA_HCC383,E08621
HCC383,CPD,0.654,CPD_HCC383,E08621
HCC383,INS,0.343,INS_HCC383,E08621
HCC383,NE,0.0,NE_NMCAID_NORIGDIS_NE_HCC383,E08621
HCC383,SNPNE,0.0,SNPNE_NMCAID_NORIGDIS_NE_HCC383,E08621
HCC385,CNA,1.291,CNA_HCC385,T3111
HCC385,CND,0.234,CND_HCC385,T3111
HCC385,CFA,2.362,CFA_HCC385,T3111
HCC385,CFD,0.857,CFD_HCC385,T3111
HCC385,CPA,0.0,CPA_HCC385,T3111
HCC385,CPD,0.204,CPD_HCC385,T3111
HCC385,INS,0.0,INS_HCC385,T3111
HCC385,NE,0.0,NE_NMCAID_NORIGDIS_NE_HCC385,T3111
HCC385,SNPNE,0.0,SNPNE_NMCAID_NORIGDIS_NE_HCC385,T3111
HCC387,CNA,0.406,CNA_HCC387,D863
HCC387,CND,0.302,CND_HCC387,D863
HCC387,CFA,0.658,CFA_HCC387,D863
HCC387,CFD,0.622,CFD_HCC387,D863
HCC387,CPA,0.477,CPA_HCC387,D863
HCC387,CPD,0.498,CPD_HCC387,D863
HCC387,INS,0.125,INS_HCC387,D863
HCC387,NE,0.0,NE_NMCAID_NORIGDIS_NE_HCC387,D863
HCC387,SNPNE,0.0,SNPNE_NMCAID_NORIGDIS_NE_HCC387,D863
HCC397,CNA,0.199,CNA_HCC397,S061X3A
HCC397,CND,0.15,CND_HCC397,S061X3A
HCC397,CFA,0.349,CFA_HCC397,S061X3A
HCC397,CFD,0.19,CFD_HCC397,S061X3A
HCC397,CPA,0.128,CPA_HCC397,S061X3A
HCC397,CPD,0.052,CPD_HCC397,S061X3A
HCC397,INS,0.085,INS_HCC397,S061X3A
HCC397,NE,0.0,NE_NMCAID_NORIGDIS_NE_HCC397,S061X3A
HCC397,SNPNE,0.0,SNPNE_NMCAID_NORIGDIS_NE_HCC397,S061X3A
HCC398,CNA,0.199,CNA_HCC398,S061X1A
HCC398,CND,0.15,CND_HCC398,S061X1A
HCC398,CFA,0.349,CFA_HCC398,S061X1A
HCC398,CFD,0.19,CFD_HCC398,S061X1A
HCC398,CPA,0.128,CPA_HCC398,S061X1A
HCC398,CPD,0.052,CPD_HCC398,S061X1A
HCC398,INS,0.085,INS_HCC398,S061X1A
HCC398,NE,0.0,NE_NMCAID_NORIGDIS_NE_HCC398,S061X1A
HCC398,SNPNE,0.0,SNPNE_NMCAID_NORIGDIS_NE_HCC398,S061X1A
HCC399,CNA,0.199,CNA_HCC399,P122
HCC399,CND,0.15,CND_HCC399,P122
HCC399,CFA,0.349,CFA_HCC399,P122
HCC399,CFD,0.19,CFD_HCC399,P122
HCC399,CPA,0.128,CPA_HCC399,P122
HCC399,CPD,0.052,CPD_HCC399,P122
HCC399,INS,0.085,INS_HCC399,P122
HCC399,NE,0.0,NE_NMCAID_NORIGDIS_NE_HCC399,P122
HCC399,SNPNE,0.0,SNPNE_NMCAID_NORIGDIS_NE_HCC399,P122
HCC401,CNA,0.522,CNA_HCC401,M4850XA
HCC401,CND,0.605,CND_HCC401,M4850XA
HCC401,CFA,0.622,CFA_HCC401,M4850XA
HCC401,CFD,0.559,CFD_HCC401,M4850XA
HCC401,CPA,0.538,CPA_HCC401,M4850XA
HCC401,CPD,0.412,CPD_HCC401,M4850XA
HCC401,INS,0.231,INS_HCC401,M4850XA
HCC401,NE,0.0,NE_NMCAID_NORIGDIS_NE_HCC401,M4850XA
HCC401,SNPNE,0.0,SNPNE_NMCAID_NORIGDIS_NE_HCC401,M4850XA
HCC402,CNA,0.467,CNA_HCC402,M80051A
HCC402,CND,0.561,CND_HCC402,M80051A
HCC402,CFA,0.561,CFA_HCC402,M80051A
HCC402,CFD,0.57,CFD_HCC402,M80051A
HCC402,CPA,0.499,CPA_HCC402,M80051A
HCC402,CPD,0.527,CPD_HCC402,M80051A
HCC402,INS,0.089,INS_HCC402,M80051A
HCC402,NE,0.0,NE_NMCAID_NORIGDIS_NE_HCC402,M80051A
HCC402,SNPNE,0.0,SNPNE_NMCAID_NORIGDIS_NE_HCC402,M80051A
HCC405,CNA,0.598,CNA_HCC405,S48011A
HCC405,CND,0.577,CND_HCC405,S48011A
HCC405,CFA,0.799,CFA_HCC405,S48011A
HCC405,CFD,0.844,CFD_HCC405,S48011A
HCC405,CPA,0.639,CPA_HCC405,S48011A
HCC405,CPD,0.698,CPD_HCC405,S48011A
HCC405,INS,0.284,INS_HCC405,S48011A
HCC405,NE,0.0,NE_NMCAID_NORIGDIS_NE_HCC405,S48011A
HCC405,SNPNE,0.0,SNPNE_NMCAID_NORIGDIS_NE_HCC405,S48011A
HCC409,CNA,0.598,CNA_HCC409,G546
HCC409,CND,0.562,CND_HCC409,G546
HCC409,CFA,0.799,CFA_HCC409,G546
HCC409,CFD,0.844,CFD_HCC409,G546
HCC409,CPA,0.604,CPA_HCC409,G546
HCC409,CPD,0.623,CPD_HCC409,G546
HCC409,INS,0.284,INS_HCC409,G546
HCC409,NE,0.0,NE_NMCAID_NORIGDIS_NE_HCC409,G546
HCC409,SNPNE,0.0,SNPNE_NMCAID_NORIGDIS_NE_HCC409,G546
HCC454,CNA,1.068,CNA_HCC454,D89810
HCC454,CND,0.452,CND_HCC454,D89810
HCC454,CFA,1.326,CFA_HCC454,D89810
HCC454,CFD,0.608,CFD_HCC454,D89810
HCC454,CPA,1.338,CPA_HCC454,D89810
HCC454,CPD,0.416,CPD_HCC454,D89810
HCC454,INS,1.596,INS_HCC454,D89810
HCC454,NE,0.0,NE_NMCAID_NORIGDIS_NE_HCC454,D89810
HCC454,SNPNE,0.0,SNPNE_NMCAID_NORIGDIS_NE_HCC454,D89810
HCC463,CNA,0.673,CNA_HCC463,K91850
HCC463,CND,0.914,CND_HCC463,K91850
HCC463,CFA,0.891,CFA_HCC463,K91850
HCC463,CFD,0.947,CFD_HCC463,K91850
HCC463,CPA,0.526,CPA_HCC463,K91850
HCC463,CPD,0.853,CPD_HCC463,K91850
HCC463,INS,0.634,INS_HCC463,K91850
HCC463,NE,0.0,NE_NMCAID_NORIGDIS_NE_HCC463,K91850
HCC463,SNPNE,0.0,SNPNE_NMCAID_NORIGDIS_NE_HCC463,K91850
HCC48,CNA,0.186,CNA_HCC48,E6601
HCC48,CND,0.144,CND_HCC48,E6601
HCC48,CFA,0.3,CFA_HCC48,E6601
HCC48,CFD,0.178,CFD_HCC48,E6601
HCC48,CPA,0.164,CPA_HCC48,E6601
HCC48,CPD,0.118,CPD_HCC48,E6601
HCC48,INS,0.442,INS_HCC48,E6601
HCC48,NE,0.0,NE_NMCAID_NORIGDIS_NE_HCC48,E6601
HCC48,SNPNE,0.0,SNPNE_NMCAID_NORIGDIS_NE_HCC48,E6601
HCC49,CNA,9.256,CNA_HCC49,E7402
HCC49,CND,13.778,CND_HCC49,E7402
HCC49,CFA,2.833,CFA_HCC49,E7402
HCC49,CFD,6.399,CFD_HCC49,E7402
HCC49,CPA,3.269,CPA_HCC49,E7402
HCC49,CPD,7.771,CPD_HCC49,E7402
HCC49,INS,1.528,INS_HCC49,E7402
HCC49,NE,0.0,NE_NMCAID_NORIGDIS_NE_HCC49,E7402
HCC49,SNPNE,0.0,SNPNE_NMCAID_NORIGDIS_NE_HCC49,E7402
HCC50,CNA,0.648,CNA_HCC50,E7253
HCC50,CND,0.883,CND_HCC50,E7253
HCC50,CFA,0.555,CFA_HCC50,E7253
HCC50,CFD,0.789,CFD_HCC50,E7253
HCC50,CPA,0.435,CPA_HCC50,E7253
HCC50,CPD,0.529,CPD_HCC50,E7253
HCC50,INS,0.362,INS_HCC50,E7253
HCC50,NE,0.0,NE_NMCAID_NORIGDIS_NE_HCC50,E7253
HCC50,SNPNE,0.0,SNPNE_NMCAID_NORIGDIS_NE_HCC50,E7253
HCC51,CNA,0.51,CNA_HCC51,E220
HCC51,CND,0.606,CND_HCC51,E220
HCC51,CFA,0.634,CFA_HCC51,E220
HCC51,CFD,0.654,CFD_HCC51,E220
HCC51,CPA,0.313,CPA_HCC51,E220
HCC51,CPD,0.393,CPD_HCC51,E220
HCC51,INS,0.62,INS_HCC51,E220
HCC51,NE,0.0,NE_NMCAID_NORIGDIS_NE_HCC51,E220
HCC51,SNPNE,0.0,SNPNE_NMCAID_NORIGDIS_NE_HCC51,E220
HCC6,CNA,0.381,CNA_HCC6,A072
HCC6,CND,0.763,CND_HCC6,A072
HCC6,CFA,0.588,CFA_HCC6,A072
HCC6,CFD,0.833,CFD_HCC6,A072
HCC6,CPA,0.518,CPA_HCC6,A072
HCC6,CPD,0.685,CPD_HCC6,A072
HCC6,INS,0.728,INS_HCC6,A072
HCC6,NE,0.0,NE_NMCAID_NORIGDIS_NE_HCC6,A072
HCC6,SNPNE,0.0,SNPNE_NMCAID_NORIGDIS_NE_HCC6,A072
HCC62,CNA,0.376,CNA_HCC62,T8640
HCC62,CND,0.184,CND_HCC62,T8640
HCC62,CFA,0.261,CFA_HCC62,T8640
HCC62,CFD,0.409,CFD_HCC62,T8640
HCC62,CPA,0.571,CPA_HCC62,T8640
HCC62,CPD,0.271,CPD_HCC62,T8640
HCC62,INS,0.593,INS_HCC62,T8640
HCC62,NE,0.0,NE_NMCAID_NORIGDIS_NE_HCC62,T8640
HCC62,SNPNE,0.0,SNPNE_NMCAID_NORIGDIS_NE_HCC62,T8640
HCC63,CNA,0.962,CNA_HCC63,I8500
HCC63,CND,1.032,CND_HCC63,I8500
HCC63,CFA,1.102,CFA_HCC63,I8500
HCC63,CFD,1.209,CFD_HCC63,I8500
HCC63,CPA,0.861,CPA_HCC63,I8500
HCC63,CPD,1.101,CPD_HCC63,I8500
HCC63,INS,0.894,INS_HCC63,I8500
HCC63,NE,0.0,NE_NMCAID_NORIGDIS_NE_HCC63,I8500
HCC63,SNPNE,0.0,SNPNE_NMCAID_NORIGDIS_NE_HCC63,I8500
HCC64,CNA,0.447,CNA_HCC64,K7030
HCC64,CND,0.383,CND_HCC64,K7030
HCC64,CFA,0.475,CFA_HCC64,K7030
HCC64,CFD,0.414,CFD_HCC64,K7030
HCC64,CPA,0.391,CPA_HCC64,K7030
HCC64,CPD,0.27,CPD_HCC64,K7030
HCC64,INS,0.378,INS_HCC64,K7030
HCC64,NE,0.0,NE_NMCAID_NORIGDIS_NE_HCC64,K7030
HCC64,SNPNE,0.0,SNPNE_NMCAID_NORIGDIS_NE_HCC64,K7030
HCC65,CNA,0.185,CNA_HCC65,B180
HCC65,CND,0.248,CND_HCC65,B180
HCC65,CFA,0.101,CFA_HCC65,B180
HCC65,CFD,0.22,CFD_HCC65,B180
HCC65,CPA,0.156,CPA_HCC65,B180
HCC65,CPD,0.189,CPD_HCC65,B180
HCC65,INS,0.378,INS_HCC65,B180
HCC65,NE,0.0,NE_NMCAID_NORIGDIS_NE_HCC65,B180
HCC65,SNPNE,0.0,SNPNE_NMCAID_NORIGDIS_NE_HCC65,B180
HCC68,CNA,0.388,CNA_HCC68,K743
HCC68,CND,0.383,CND_HCC68,K743
HCC68,CFA,0.085,CFA_HCC68,K743
HCC68,CFD,0.354,CFD_HCC68,K743
HCC68,CPA,0.391,CPA_HCC68,K743
HCC68,CPD,0.27,CPD_HCC68,K743
HCC68,INS,0.09,INS_HCC68,K743
HCC68,NE,0.0,NE_NMCAID_NORIGDIS_NE_HCC68,K743
HCC68,SNPNE,0.0,SNPNE_NMCAID_NORIGDIS_NE_HCC68,K743
HCC77,CNA,1.172,CNA_HCC77,T86850
HCC77,CND,6.301,CND_HCC77,T86850
HCC77,CFA,5.039,CFA_HCC77,T86850
HCC77,CFD,6.161,CFD_HCC77,T86850
HCC77,CPA,5.039,CPA_HCC77,T86850
HCC77,CPD,5.039,CPD_HCC77,T86850
HCC77,INS,5.089,INS_HCC77,T86850
HCC77,NE,0.0,NE_NMCAID_NORIGDIS_NE_HCC77,T86850
HCC77,SNPNE,0.0,SNPNE_NMCAID_NORIGDIS_NE_HCC77,T86850
HCC78,CNA,0.326,CNA_HCC78,A5485
HCC78,CND,0.534,CND_HCC78,A5485
HCC78,CFA,0.382,CFA_HCC78,A5485
HCC78,CFD,0.548,CFD_HCC78,A5485
HCC78,CPA,0.478,CPA_HCC78,A5485
HCC78,CPD,0.688,CPD_HCC78,A5485
HCC78,INS,0.38,INS_HCC78,A5485
HCC78,NE,0.0,NE_NMCAID_NORIGDIS_NE_HCC78,A5485
HCC78,SNPNE,0.0,SNPNE_NMCAID_NORIGDIS_NE_HCC78,A5485
HCC79,CNA,0.357,CNA_HCC79,K860
HCC79,CND,0.574,CND_HCC79,K860
HCC79,CFA,0.525,CFA_HCC79,K860
HCC79,CFD,0.799,CFD_HCC79,K860
HCC79,CPA,0.444,CPA_HCC79,K860
HCC79,CPD,0.709,CPD_HCC79,K860
HCC79,INS,0.218,INS_HCC79,K860
HCC79,NE,0.0,NE_NMCAID_NORIGDIS_NE_HCC79,K860
HCC79,SNPNE,0.0,SNPNE_NMCAID_NORIGDIS_NE_HCC79,K860
HCC80,CNA,0.55,CNA_HCC80,K5000
HCC80,CND,0.635,CND_HCC80,K5000
HCC80,CFA,0.49,CFA_HCC80,K5000
HCC80,CFD,0.651,CFD_HCC80,K5000
HCC80,CPA,0.479,CPA_HCC80,K5000
HCC80,CPD,0.603,CPD_HCC80,K5000
HCC80,INS,0.374,INS_HCC80,K5000
HCC80,NE,0.0,NE_NMCAID_NORIGDIS_NE_HCC80,K5000
HCC80,SNPNE,0.0,SNPNE_NMCAID_NORIGDIS_NE_HCC80,K5000
HCC81,CNA,0.244,CNA_HCC81,K5100
HCC81,CND,0.285,CND_HCC81,K5100
HCC81,CFA,0.201,CFA_HCC81,K5100
HCC81,CFD,0.286,CFD_HCC81,K5100
HCC81,CPA,0.205,CPA_HCC81,K5100
HCC81,CPD,0.237,CPD_HCC81,K5100
HCC81,INS,0.258,INS_HCC81,K5100
HCC81,NE,0.0,NE_NMCAID_NORIGDIS_NE_HCC81,K5100
HCC81,SNPNE,0.0,SNPNE_NMCAID_NORIGDIS_NE_HCC81,K5100
HCC92,CNA,0.479,CNA_HCC92,A0104
HCC92,CND,0.529,CND_HCC92,A0104
HCC92,CFA,0.611,CFA_HCC92,A0104
HCC92,CFD,0.632,CFD_HCC92,A0104
HCC92,CPA,0.471,CPA_HCC92,A0104
HCC92,CPD,0.539,CPD_HCC92,A0104
HCC92,INS,0.556,INS_HCC92,A0104
HCC92,NE,0.0,NE_NMCAID_NORIGDIS_NE_HCC92,A0104
HCC92,SNPNE,0.0,SNPNE_NMCAID_NORIGDIS_NE_HCC92,A0104
HCC93,CNA,0.617,CNA_HCC93,D8686
HCC93,CND,0.47,CND_HCC93,D8686
HCC93,CFA,0.439,CFA_HCC93,D8686
HCC93,CFD,0.384,CFD_HCC93,D8686
HCC93,CPA,0.405,CPA_HCC93,D8686
HCC93,CPD,0.288,CPD_HCC93,D8686
HCC93,INS,0.297,INS_HCC93,D8686
HCC93,NE,0.0,NE_NMCAID_NORIGDIS_NE_HCC93,D8686
HCC93,SNPNE,0.0,SNPNE_NMCAID_NORIGDIS_NE_HCC93,D8686
HCC94,CNA,0.268,CNA_HCC94,M0230
HCC94,CND,0.239,CND_HCC94,M0230
HCC94,CFA,0.237,CFA_HCC94,M0230
HCC94,CFD,0.25,CFD_HCC94,M0230
HCC94,CPA,0.224,CPA_HCC94,M0230
HCC94,CPD,0.196,CPD_HCC94,M0230
HCC94,INS,0.297,INS_HCC94,M0230
HCC94,NE,0.0,NE_NMCAID_NORIGDIS_NE_HCC94,M0230
HCC94,SNPNE,0.0,SNPNE_NMCAID_NORIGDIS_NE_HCC94,M0230
